school.name,2015.student.demographics.age_entry,2015.student.demographics.avg_family_income,2015.student.demographics.men,2015.student.demographics.race_ethnicity.aian,2015.student.demographics.race_ethnicity.asian,2015.student.demographics.race_ethnicity.black,2015.student.demographics.race_ethnicity.hispanic,2015.student.demographics.race_ethnicity.nhpi,2015.student.demographics.race_ethnicity.two_or_more,2015.student.demographics.race_ethnicity.unknown,2015.student.demographics.race_ethnicity.white,2015.student.demographics.women
Erie Community College,23,35904,0.5067,0.0082,0.0251,0.1477,0.0522,0.0008,0.0252,0.194,0.5341,0.4933
Norco College,24,23406,0.461,0.0036,0.077,0.0607,0.5693,0.0035,0.0304,0.0039,0.2469,0.539
Middle Georgia State University,23,38425,0.4185,0.0015,0.0199,0.3608,0.0361,0.0018,0.0307,0.0036,0.5372,0.5815
DeVry University-Illinois,30,29935,0.4238,0.0057,0.034,0.2017,0.1305,0.0041,0.012,0.1308,0.473,0.5762
University of North Georgia,21,58090,0.451,0.0021,0.0283,0.0422,0.1059,0.0009,0.0266,0.0136,0.7651,0.549
Central Georgia Technical College,27,21682,0.37,0.0025,0.0088,0.5277,0.03,0.0004,0.0123,0.012,0.4018,0.63
College of Western Idaho,26,31762,0.4241,0.0121,0.022,0.0196,0.157,0.0059,0.018,0.0865,0.676,0.5759
Texas State Technical College,24,30326,0.6594,0.0043,0.007,0.0706,0.5004,0.0017,0.0016,0.0286,0.3858,0.3406
University of Phoenix-Arizona,31,23523,0.3075,0.0026,0.0084,0.1732,0.0787,0.0051,0.0778,0.3613,0.28,0.6925
Georgia Military College,25,32342,0.4032,0.0142,0.0159,0.4376,0.0633,0.0,0.0073,0.0484,0.4114,0.5968
South Louisiana Community College,24,27986,0.427,0.0046,0.0204,0.4032,0.0332,0.0005,0.02,0.027,0.4837,0.573
University of California-Merced,19,45642,0.4865,0.0022,0.2309,0.0481,0.4847,0.0074,0.0385,0.0079,0.1275,0.5135
Folsom Lake College,26,20973,0.4273,0.0085,0.0934,0.0321,0.1803,0.006,0.0639,0.0198,0.5931,0.5727
University of Arkansas,21,81636,0.4776,0.0112,0.0248,0.0479,0.076,0.0008,0.0329,0.0042,0.7722,0.5224
California State University-Fullerton,22,40798,0.4467,0.0013,0.2175,0.0194,0.4009,0.0017,0.0445,0.0374,0.2211,0.5533
American River College,26,16648,0.4703,0.0065,0.1129,0.0929,0.217,0.0091,0.0601,0.0394,0.4567,0.5297
California State University-San Bernardino,22,35737,0.3942,0.0021,0.059,0.0575,0.6083,0.0021,0.0274,0.0375,0.1409,0.6058
California State University-Chico,22,47757,0.4759,0.0057,0.0592,0.0243,0.2924,0.0016,0.0517,0.072,0.4601,0.5241
California State University-Bakersfield,22,34653,0.3901,0.0059,0.0716,0.0664,0.5438,0.001,0.0268,0.0405,0.2033,0.6099
California State University-Stanislaus,23,36608,0.3632,0.0037,0.1081,0.0224,0.4912,0.0058,0.0367,0.054,0.2444,0.6368
Azusa Pacific University,25,64353,0.3474,0.0012,0.0892,0.049,0.2907,0.0127,0.0802,0.0173,0.4375,0.6526
Cabrillo College,24,21027,0.4702,0.004,0.0351,0.0135,0.3967,0.0019,0.0488,0.0149,0.4789,0.5298
University of Alabama at Birmingham,23,50315,0.4116,0.0023,0.0595,0.2541,0.0317,0.0006,0.0389,0.0085,0.5863,0.5884
University of Alabama in Huntsville,23,55624,0.574,0.013,0.0381,0.123,0.0417,0.0,0.0201,0.03,0.7024,0.426
Mesa Community College,25,28618,0.4953,0.0386,0.0392,0.0631,0.2487,0.0049,0.0242,0.0635,0.4852,0.5047
Pima Community College,25,26097,0.4518,0.0251,0.0288,0.0506,0.4449,0.004,0.0349,0.015,0.3856,0.5482
Scottsdale Community College,26,31225,0.484,0.0584,0.0284,0.0509,0.1828,0.0044,0.0254,0.0622,0.5763,0.516
Phoenix College,26,23043,0.3608,0.0253,0.0325,0.1009,0.4794,0.0026,0.0156,0.0981,0.2396,0.6392
GateWay Community College,28,24938,0.4312,0.0396,0.0369,0.1152,0.3654,0.002,0.0151,0.0687,0.3473,0.5688
Rio Salado College,30,25656,0.3434,0.0202,0.0221,0.1206,0.2013,0.0023,0.023,0.0657,0.5353,0.6566
University of California-Santa Barbara,20,55149,0.4718,0.0013,0.192,0.0219,0.257,0.0013,0.084,0.0266,0.3454,0.5282
University of California-Berkeley,21,54357,0.4795,0.0016,0.3527,0.0212,0.1409,0.0026,0.0472,0.0277,0.2689,0.5205
California State University-East Bay,24,35283,0.3841,0.0025,0.236,0.1073,0.3139,0.0096,0.0552,0.0538,0.1614,0.6159
City College of San Francisco,27,15306,0.4641,0.0027,0.3433,0.0742,0.2378,0.0084,0.0484,0.0159,0.23,0.5359
College of the Canyons,23,26075,0.5218,0.0031,0.0776,0.0438,0.4625,0.002,0.0354,0.0058,0.3597,0.4782
De Anza College,23,23400,0.5148,0.0019,0.3491,0.0307,0.2595,0.0043,0.045,0.0063,0.1941,0.4852
Cosumnes River College,25,19830,0.4425,0.0038,0.281,0.1198,0.2485,0.0189,0.0623,0.0135,0.245,0.5575
College of the Desert,23,21234,0.4567,0.0035,0.0315,0.0287,0.6796,0.0018,0.026,0.0068,0.1981,0.5433
Evergreen Valley College,26,18480,0.4517,0.0051,0.3838,0.0267,0.4042,0.0049,0.029,0.0604,0.0743,0.5483
Cuyamaca College,29,13923,0.4605,0.0043,0.0605,0.0534,0.3179,0.0036,0.0635,0.0117,0.4804,0.5395
Grossmont College,25,18021,0.436,0.0023,0.0799,0.0583,0.3345,0.0048,0.0664,0.0077,0.4116,0.564
Fresno City College,23,18460,0.4643,0.0048,0.1413,0.058,0.5394,0.0014,0.0269,0.0114,0.2165,0.5357
Golden West College,23,20427,0.4771,0.0031,0.266,0.0188,0.3129,0.0057,0.046,0.0085,0.3174,0.5229
Irvine Valley College,24,22741,0.5109,0.0007,0.2506,0.0213,0.2522,0.002,0.0509,0.0117,0.3446,0.4891
Hartnell College,22,26530,0.5631,0.0031,0.0517,0.019,0.6476,0.0039,0.0159,0.0531,0.2043,0.4369
Pulaski Technical College,26,25913,0.3574,0.0032,0.0115,0.4828,0.0484,0.0012,0.0317,0.0184,0.4001,0.6426
Antelope Valley College,25,16179,0.4065,0.0042,0.0338,0.1826,0.4898,0.0015,0.0444,0.0098,0.2321,0.5935
University of Arkansas-Fort Smith,23,36486,0.4376,0.0249,0.0509,0.0405,0.1071,0.0009,0.0634,0.0009,0.6983,0.5624
Allan Hancock College,23,25526,0.4865,0.0057,0.039,0.0306,0.5416,0.0034,0.0335,0.0001,0.3443,0.5135
College of Alameda,26,15466,0.4417,0.0026,0.3019,0.1903,0.2197,0.0038,0.0505,0.053,0.1413,0.5583
San Diego State University,22,54299,0.4549,0.0028,0.1385,0.0387,0.3131,0.0028,0.0651,0.0422,0.3414,0.5451
Riverside City College,23,22138,0.4348,0.0033,0.0574,0.0787,0.594,0.0034,0.0311,0.0053,0.2089,0.5652
University of Colorado Boulder,20,94560,0.5552,0.0028,0.0542,0.0164,0.1062,0.0006,0.046,0.0079,0.7059,0.4448
Broward College,24,24836,0.4119,0.0017,0.0281,0.346,0.3491,0.0027,0.0181,0.037,0.1816,0.5881
Embry-Riddle Aeronautical University-Daytona Beach,25,55113,0.8115,0.0034,0.044,0.0608,0.0425,0.0021,0.0783,0.0905,0.5363,0.1885
Eastern Florida State College,25,28498,0.4198,0.0056,0.0223,0.1189,0.1239,0.0022,0.0258,0.017,0.6756,0.5802
College of Central Florida,24,26869,0.376,0.0049,0.0184,0.1325,0.1529,0.0033,0.0385,0.0337,0.6,0.624
Metropolitan State University of Denver,25,44948,0.467,0.0062,0.0379,0.0619,0.2238,0.003,0.0424,0.0364,0.5835,0.533
Front Range Community College,26,40291,0.424,0.0078,0.0366,0.0169,0.1467,0.002,0.0375,0.0413,0.6897,0.576
Gateway Community College,25,26945,0.4262,0.0012,0.0336,0.2563,0.2475,0.0013,0.0251,0.0415,0.3862,0.5738
Delaware Technical Community College-Terry,25,32676,0.3806,0.0043,0.0298,0.2525,0.0995,0.0016,0.0316,0.0163,0.5489,0.6194
Yale University,19,86224,0.5116,0.0062,0.1729,0.068,0.1143,0.0004,0.0564,0.0107,0.4651,0.4884
University of San Francisco,21,81757,0.3798,0.0027,0.2086,0.0341,0.1947,0.006,0.0691,0.0201,0.2703,0.6202
San Joaquin Delta College,24,20214,0.4248,0.0036,0.1654,0.0861,0.4498,0.0057,0.0535,0.0054,0.2289,0.5752
San Joaquin Valley College-Visalia,26,22960,0.3038,0.0084,0.046,0.0817,0.5327,0.0084,0.0532,0.0236,0.246,0.6962
Saddleback College,25,23149,0.4652,0.0029,0.0954,0.0216,0.251,0.0026,0.0526,0.012,0.5364,0.5348
Loyola Marymount University,20,103342,0.4352,0.0015,0.106,0.063,0.2119,0.0016,0.0803,0.0015,0.4489,0.5648
San Diego Miramar College,25,21190,0.5698,0.0032,0.2133,0.0487,0.2512,0.009,0.0601,0.0248,0.3866,0.4302
MiraCosta College,25,22234,0.4333,0.0028,0.0606,0.032,0.3554,0.0041,0.0672,0.0184,0.4425,0.5667
Modesto Junior College,24,19675,0.4244,0.0059,0.0592,0.035,0.4746,0.0097,0.0143,0.0184,0.3817,0.5756
Arapahoe Community College,27,41521,0.4391,0.0069,0.0299,0.0332,0.1761,0.0026,0.0335,0.066,0.6394,0.5609
Santa Monica College,22,20053,0.4717,0.0018,0.1005,0.09,0.3816,0.0024,0.0386,0.0106,0.2602,0.5283
Victor Valley College,25,17554,0.4153,0.0028,0.0244,0.1169,0.5068,0.0032,0.0484,0.0051,0.2918,0.5847
Santa Rosa Junior College,24,22007,0.4487,0.0075,0.044,0.0236,0.3071,0.0034,0.0531,0.0058,0.5477,0.5513
College of San Mateo,23,23418,0.5149,0.0014,0.2416,0.0302,0.2987,0.0225,0.056,0.0135,0.2804,0.4851
Community College of Denver,26,27140,0.4305,0.0107,0.0564,0.1338,0.2531,0.0027,0.0488,0.0451,0.3789,0.5695
Central Connecticut State University,22,62099,0.5305,0.0013,0.0373,0.1155,0.1325,0.0007,0.0265,0.025,0.6478,0.4695
Sacred Heart University,20,117396,0.359,0.0014,0.0227,0.0388,0.0846,0.0008,0.0153,0.1153,0.7091,0.641
Post University,31,24189,0.3976,0.0044,0.0112,0.2105,0.0682,0.0032,0.0433,0.2609,0.3959,0.6024
Merritt College,28,15410,0.3403,0.0048,0.153,0.285,0.2466,0.0053,0.0481,0.0619,0.182,0.6597
State College of Florida-Manatee-Sarasota,24,28756,0.3906,0.0036,0.0221,0.0933,0.1513,0.0012,0.0239,0.0305,0.6553,0.6094
University of South Florida-Main Campus,22,48190,0.4533,0.0018,0.0636,0.1068,0.2078,0.0024,0.0378,0.0141,0.5137,0.5467
St Petersburg College,26,28518,0.3953,0.0036,0.0328,0.145,0.1254,0.0022,0.0253,0.0218,0.6367,0.6047
Santa Fe College,22,34034,0.4581,0.0044,0.0285,0.1564,0.1648,0.0019,0.0346,0.0117,0.578,0.5419
The University of West Florida,24,46413,0.4327,0.0046,0.0308,0.1323,0.0918,0.0031,0.0496,0.0184,0.6526,0.5673
Valencia College,22,29166,0.4549,0.0032,0.0442,0.1817,0.3628,0.0047,0.0255,0.0519,0.2957,0.5451
Georgia State University,22,37857,0.4112,0.0016,0.1235,0.4197,0.0966,0.0005,0.0502,0.0259,0.2636,0.5888
Brigham Young University-Idaho,23,52379,0.4245,0.0031,0.0101,0.0053,0.0312,0.0053,0.0591,0.0264,0.7889,0.5755
Southwestern Illinois College,24,28770,0.4468,0.002,0.0087,0.2062,0.0431,0.0024,0.0484,0.0373,0.6518,0.5532
University of Idaho,21,56663,0.5348,0.0061,0.013,0.0146,0.1006,0.0024,0.0385,0.0176,0.7585,0.4652
Pensacola State College,25,26189,0.3965,0.008,0.0291,0.1648,0.0644,0.0034,0.0539,0.0165,0.6557,0.6035
Polk State College,25,27172,0.3722,0.0013,0.0222,0.1709,0.201,0.0006,0.0247,0.0358,0.5318,0.6278
Elgin Community College,23,35425,0.4802,0.0034,0.0594,0.0454,0.34,0.0009,0.031,0.0299,0.4871,0.5198
City Colleges of Chicago-Wilbur Wright College,23,23384,0.4313,0.0017,0.064,0.0937,0.5626,0.0031,0.0164,0.0278,0.219,0.5687
Armstrong State University,23,45650,0.3339,0.0023,0.0346,0.2527,0.0715,0.0027,0.0472,0.0036,0.5702,0.6661
Columbus State University,23,44928,0.4006,0.0034,0.0228,0.3702,0.0556,0.0025,0.0206,0.0004,0.5143,0.5994
University of Illinois at Urbana-Champaign,19,84770,0.5584,0.0006,0.1734,0.0551,0.0962,0.0007,0.0288,0.0059,0.4816,0.4416
Illinois Central College,23,33539,0.4518,0.0041,0.0213,0.1194,0.0447,0.0014,0.0284,0.0027,0.7779,0.5482
John C Calhoun State Community College,24,34578,0.4483,0.0161,0.0296,0.1864,0.0461,0.0004,0.0424,0.0121,0.6595,0.5517
Jacksonville State University,23,45970,0.4312,0.0075,0.0059,0.2214,0.0124,0.0006,0.0,0.0281,0.6981,0.5688
University of South Alabama,22,49836,0.4405,0.0067,0.0324,0.2432,0.0279,0.0013,0.0279,0.0203,0.5896,0.5595
University of Arizona,21,69179,0.4849,0.0116,0.0566,0.038,0.2525,0.0027,0.0433,0.0083,0.5227,0.5151
Central Arizona College,26,27898,0.3709,0.0501,0.0214,0.0701,0.2908,0.0047,0.0397,0.0894,0.4287,0.6291
Western Illinois University,21,53014,0.4969,0.0014,0.0093,0.1948,0.1067,0.001,0.0249,0.0241,0.6214,0.5031
Ivy Tech Community College,26,28580,0.4153,0.004,0.0151,0.1419,0.0375,0.0013,0.0289,0.0418,0.7177,0.5847
Indiana Wesleyan University-Marion,31,45327,0.3239,0.0026,0.0063,0.1873,0.0431,0.0009,0.0246,0.0056,0.7264,0.6761
Northern Illinois University,21,54777,0.5086,0.0015,0.0501,0.1596,0.1542,0.0013,0.0348,0.0084,0.5718,0.4914
Des Moines Area Community College,24,44922,0.4472,0.0039,0.0352,0.0774,0.0739,0.001,0.0247,0.0332,0.7385,0.5528
University of Iowa,21,84200,0.4783,0.0014,0.0361,0.0332,0.0746,0.001,0.0259,0.0396,0.673,0.5217
University of Massachusetts-Boston,23,46049,0.4505,0.0018,0.1226,0.1579,0.1354,0.0002,0.0265,0.0695,0.3623,0.5495
University of Maryland-University College,29,35490,0.5356,0.0051,0.0434,0.2709,0.1174,0.0082,0.0394,0.0877,0.4155,0.4644
Holyoke Community College,24,31214,0.39,0.005,0.0227,0.0626,0.2408,0.0007,0.0285,0.0383,0.5944,0.61
Montgomery College,23,33462,0.5161,0.0029,0.1102,0.2642,0.232,0.0033,0.0287,0.0013,0.2644,0.4839
Prince George's Community College,25,31753,0.3854,0.015,0.0409,0.7177,0.1081,0.0001,0.0018,0.0465,0.0466,0.6146
Anne Arundel Community College,24,38019,0.4092,0.0044,0.0395,0.1804,0.0688,0.0029,0.0383,0.0674,0.5874,0.5908
Wichita State University,23,52841,0.4711,0.0074,0.0718,0.0564,0.1063,0.0008,0.0373,0.0265,0.6292,0.5289
Butler Community College,24,37297,0.4178,0.0106,0.0464,0.098,0.1297,0.0,0.0,0.0777,0.6162,0.5822
Jefferson Community and Technical College,25,25257,0.4272,0.0029,0.0333,0.2295,0.0667,0.0015,0.0309,0.0132,0.6156,0.5728
Murray State University,22,54050,0.4177,0.0016,0.0076,0.075,0.0196,0.0008,0.0218,0.0205,0.8113,0.5823
Grand Rapids Community College,23,38644,0.4864,0.0066,0.038,0.0915,0.1117,0.0006,0.0222,0.0396,0.6876,0.5136
Grand Valley State University,20,73857,0.414,0.0038,0.0205,0.0521,0.048,0.0004,0.0335,0.0031,0.8258,0.586
Central Michigan University,21,70547,0.4382,0.0067,0.0104,0.0792,0.0383,0.0005,0.0295,0.0281,0.7876,0.5618
Northern Essex Community College,23,32970,0.3887,0.0018,0.0215,0.0381,0.4125,0.0042,0.0103,0.01,0.4952,0.6113
Worcester State University,22,68694,0.4112,0.0034,0.0396,0.0751,0.0923,0.0006,0.0297,0.0414,0.7102,0.5888
Oakland Community College,25,26051,0.4326,0.0046,0.0362,0.2179,0.0317,0.0019,0.0301,0.0311,0.6036,0.5674
Macomb Community College,24,28819,0.4785,0.0054,0.0402,0.1178,0.026,0.0011,0.0179,0.0855,0.6872,0.5215
Oakland University,22,59345,0.4255,0.0033,0.0428,0.0764,0.0312,0.0012,0.0303,0.0409,0.7556,0.5745
Moraine Valley Community College,23,30952,0.4854,0.0031,0.0234,0.085,0.2317,0.0004,0.0194,0.0756,0.5368,0.5146
Triton College,23,26652,0.4661,0.0025,0.0273,0.1675,0.3762,0.0,0.0161,0.1047,0.3043,0.5339
Frederick Community College,25,41984,0.4455,0.004,0.0466,0.1394,0.1144,0.0014,0.0409,0.0026,0.6446,0.5545
Boston University,19,105573,0.393,0.0007,0.1356,0.0377,0.1079,0.0013,0.0359,0.0456,0.4304,0.607
Boston College,19,129669,0.472,0.0007,0.0975,0.0404,0.0968,0.0002,0.0301,0.0575,0.6171,0.528
Westfield State University,21,77842,0.4627,0.0024,0.0152,0.044,0.0859,0.0005,0.0443,0.031,0.7732,0.5373
Suffolk University,20,81191,0.4615,0.0019,0.0817,0.0594,0.1143,0.0006,0.0209,0.0861,0.4021,0.5385
Schoolcraft College,26,29124,0.4646,0.0076,0.0358,0.1466,0.041,0.0012,0.0263,0.0659,0.6623,0.5354
University of Southern Mississippi,23,41315,0.3636,0.0037,0.0121,0.3031,0.0314,0.0009,0.021,0.0078,0.6091,0.6364
Normandale Community College,23,43953,0.4572,0.0046,0.0845,0.1581,0.102,0.0013,0.0525,0.0114,0.5745,0.5428
Century College,24,40224,0.4494,0.0046,0.1766,0.1057,0.0755,0.0012,0.0449,0.0071,0.5665,0.5506
Northwest Mississippi Community College,23,29948,0.3842,0.0021,0.0105,0.3524,0.0202,0.0006,0.0065,0.0023,0.6055,0.6158
Missouri State University-Springfield,22,60649,0.4219,0.0049,0.0143,0.0474,0.0345,0.0013,0.0325,0.0098,0.8085,0.5781
Metropolitan Community College-Kansas City,24,27859,0.4145,0.0032,0.0276,0.1585,0.0996,0.0031,0.0658,0.0037,0.6303,0.5855
Missouri Southern State University,23,42425,0.4204,0.0321,0.0181,0.0627,0.0458,0.0017,0.0127,0.0265,0.7724,0.5796
Ozarks Technical Community College,25,27152,0.4129,0.0048,0.0126,0.0287,0.0452,0.0015,0.0511,0.0171,0.8389,0.5871
Wayne County Community College District,28,12742,0.3542,0.0033,0.0073,0.5818,0.0192,0.0008,0.1024,0.0657,0.2159,0.6458
University of Minnesota-Duluth,20,88656,0.5469,0.0047,0.0311,0.024,0.0263,0.0004,0.0282,0.0087,0.8582,0.4531
University of New Hampshire-Main Campus,20,99680,0.4584,0.002,0.0216,0.013,0.0332,0.0002,0.017,0.0822,0.8076,0.5416
Atlantic Cape Community College,24,29102,0.3995,0.0059,0.0739,0.1499,0.1798,0.0034,0.0153,0.0876,0.4745,0.6005
Truman State University,19,80812,0.4206,0.0008,0.0225,0.0371,0.0263,0.0008,0.0287,0.0166,0.7989,0.5794
Bellevue University,31,43203,0.4925,0.0055,0.0135,0.0903,0.2033,0.0022,0.019,0.1393,0.4982,0.5075
East Carolina University,22,66115,0.4239,0.0066,0.0283,0.16,0.0631,0.0013,0.0303,0.0195,0.6868,0.5761
University at Buffalo,20,64808,0.5584,0.0022,0.1427,0.0733,0.064,0.001,0.0241,0.0536,0.477,0.4416
North Carolina A & T State University,21,44445,0.4548,0.0032,0.0076,0.8396,0.0281,0.0002,0.0354,0.024,0.0467,0.5452
University of North Carolina at Greensboro,22,49385,0.338,0.0034,0.0486,0.2779,0.0771,0.0013,0.0442,0.0047,0.5238,0.662
North Carolina State University at Raleigh,20,78488,0.5524,0.0036,0.0513,0.0626,0.0465,0.0007,0.0386,0.017,0.7382,0.4476
University of North Carolina Wilmington,22,69079,0.3856,0.0052,0.0221,0.0489,0.0671,0.0009,0.0347,0.0344,0.7812,0.6144
Pitt Community College,26,22995,0.4145,0.0086,0.0087,0.3891,0.0529,0.0011,0.0161,0.115,0.3911,0.5855
Pace University-New York,20,77265,0.4033,0.0025,0.0814,0.105,0.1442,0.0011,0.0373,0.0302,0.5042,0.5967
Monroe College,23,26136,0.3691,0.004,0.011,0.4407,0.4013,0.0038,0.0,0.0154,0.0239,0.6309
The New School,22,68841,0.2687,0.0007,0.0946,0.0589,0.1174,0.001,0.0358,0.0401,0.3272,0.7313
Rensselaer Polytechnic Institute,19,112162,0.6897,0.0014,0.1012,0.0308,0.0813,0.0002,0.0695,0.0187,0.5907,0.3103
Cleveland State University,24,46468,0.4717,0.0027,0.0311,0.1739,0.0516,0.0015,0.0316,0.0172,0.6376,0.5283
Lorain County Community College,25,29111,0.3753,0.0056,0.0095,0.1024,0.1014,0.0014,0.0329,0.0106,0.7253,0.6247
SUNY Buffalo State,21,46294,0.432,0.0041,0.0272,0.2814,0.1218,0.001,0.033,0.0016,0.5138,0.568
St John's University-New York,19,70806,0.4486,0.0022,0.1719,0.1866,0.1219,0.0043,0.0469,0.0706,0.3423,0.5514
Orange County Community College,22,45781,0.4126,0.003,0.0245,0.1188,0.2942,0.0011,0.0252,0.0017,0.5291,0.5874
Farmingdale State College,22,61423,0.5772,0.002,0.0713,0.1013,0.1676,0.0039,0.0203,0.003,0.6046,0.4228
SUNY College at Brockport,22,55919,0.4505,0.0021,0.0174,0.102,0.0563,0.0004,0.0242,0.0666,0.7164,0.5495
University of Rochester,20,80889,0.5053,0.002,0.1078,0.0509,0.0674,0.0008,0.0317,0.0741,0.4849,0.4947
Tulsa Community College,25,32174,0.3978,0.0777,0.0421,0.0911,0.0765,0.0011,0.0871,0.0364,0.5649,0.6022
Northeastern State University,25,40955,0.3901,0.19,0.0212,0.0418,0.0517,0.0007,0.1727,0.009,0.4966,0.6099
New Mexico State University-Dona Ana,23,31990,0.4144,0.0107,0.0052,0.0167,0.7447,0.0016,0.0069,0.03,0.1502,0.5856
Rutgers University-Newark,21,64200,0.4743,0.0008,0.2089,0.1898,0.2711,0.0037,0.0236,0.0172,0.246,0.5257
Central New Mexico Community College,25,23129,0.4332,0.0721,0.0189,0.0277,0.4959,0.0019,0.0218,0.0664,0.2944,0.5668
Union County College,25,29007,0.3849,0.0042,0.043,0.2848,0.3449,0.0045,0.0089,0.111,0.1797,0.6151
William Paterson University of New Jersey,22,54951,0.4516,0.0006,0.0672,0.158,0.2733,0.0015,0.0288,0.0321,0.4336,0.5484
Kean University,23,49343,0.3976,0.0017,0.0544,0.199,0.2711,0.0029,0.0195,0.076,0.36,0.6024
Middlesex County College,23,31995,0.473,0.0037,0.1368,0.1135,0.319,0.0033,0.0285,0.064,0.3093,0.527
Camden County College,24,30761,0.4197,0.0138,0.0526,0.2094,0.1644,0.0019,0.0088,0.0172,0.507,0.5803
Bergen Community College,22,36781,0.5075,0.0023,0.0697,0.0622,0.2628,0.0032,0.0172,0.2029,0.3132,0.4925
Rowan College at Gloucester County,22,44531,0.4432,0.0034,0.022,0.1193,0.0713,0.0024,0.0338,0.0547,0.6896,0.5568
Ocean County College,23,41152,0.4492,0.0027,0.0202,0.0553,0.1117,0.0019,0.0235,0.0354,0.7388,0.5508
Rowan College at Burlington County,24,35722,0.4297,0.0017,0.0417,0.2033,0.1064,0.0022,0.0306,0.0448,0.5515,0.5703
Mercer County Community College,23,32089,0.4877,0.0021,0.0568,0.2322,0.192,0.002,0.0211,0.0712,0.3828,0.5123
Passaic County Community College,24,22728,0.3982,0.0022,0.049,0.1576,0.5415,0.0028,0.0072,0.0662,0.1687,0.6018
New Jersey Institute of Technology,21,56321,0.7927,0.0006,0.2214,0.0857,0.221,0.0006,0.0312,0.0604,0.3348,0.2073
SUNY Broome Community College,22,41868,0.4314,0.0015,0.0064,0.0313,0.0644,0.0002,0.0036,0.5879,0.2721,0.5686
CUNY Bernard M Baruch College,23,27461,0.5097,0.0016,0.3206,0.094,0.2247,0.0022,0.0154,0.0,0.2269,0.4903
CUNY Queens College,23,29166,0.4464,0.0031,0.2662,0.0854,0.2868,0.004,0.0143,0.0,0.2911,0.5536
Dutchess Community College,21,43182,0.4677,0.0016,0.018,0.1377,0.191,0.0009,0.0401,0.0041,0.5944,0.5323
CUNY Hostos Community College,24,18455,0.3383,0.0022,0.0263,0.2667,0.6233,0.0009,0.0076,0.0,0.0232,0.6617
Hudson Valley Community College,23,44178,0.5409,0.0044,0.0486,0.1134,0.0658,0.0024,0.033,0.0028,0.7259,0.4591
Columbia University in the City of New York,23,60857,0.5286,0.0046,0.1779,0.0764,0.1318,0.001,0.0499,0.0286,0.3798,0.4714
The College of New Jersey,19,107741,0.4068,0.0026,0.1027,0.0561,0.1226,0.003,0.0046,0.0496,0.656,0.5932
Essex County College,25,18282,0.4086,0.0019,0.031,0.4976,0.2515,0.0023,0.0068,0.0508,0.0756,0.5914
Nassau Community College,22,40548,0.506,0.0031,0.0639,0.2342,0.254,0.0033,0.0011,0.0398,0.3912,0.494
New York University,20,86408,0.4322,0.0016,0.1991,0.0541,0.1229,0.0012,0.0386,0.0794,0.3371,0.5678
Oakton Community College,23,23925,0.4942,0.0019,0.1863,0.0596,0.1713,0.0076,0.0317,0.043,0.4985,0.5058
Delgado Community College,25,22412,0.3212,0.0048,0.0309,0.4701,0.0868,0.001,0.0255,0.0454,0.3255,0.6788
Nicholls State University,21,53477,0.3706,0.0196,0.0128,0.1991,0.0346,0.0006,0.0305,0.0086,0.678,0.6294
Oklahoma State University-Oklahoma City,27,33042,0.3993,0.0363,0.0264,0.1364,0.1058,0.0,0.1179,0.0457,0.5315,0.6007
Linn-Benton Community College,25,32494,0.4939,0.0133,0.0273,0.0151,0.098,0.0041,0.0447,0.0772,0.6894,0.5061
Clackamas Community College,26,33706,0.5149,0.011,0.0274,0.023,0.0986,0.0025,0.0549,0.0801,0.6982,0.4851
Oklahoma City Community College,25,30651,0.4285,0.04,0.038,0.0902,0.1241,0.0019,0.063,0.0,0.5461,0.5715
Bloomsburg University of Pennsylvania,20,76637,0.4332,0.001,0.0101,0.0874,0.0598,0.0009,0.0253,0.0119,0.797,0.5668
Lane Community College,26,27550,0.4849,0.0166,0.021,0.0242,0.1109,0.0064,0.0463,0.0695,0.674,0.5151
Bucks County Community College,23,43028,0.4533,0.0093,0.0326,0.0504,0.0601,0.0011,0.025,0.2124,0.6088,0.5467
Oregon State University,23,60249,0.5371,0.006,0.0717,0.013,0.087,0.003,0.0673,0.0243,0.6661,0.4629
Millersville University of Pennsylvania,21,71242,0.4428,0.0014,0.025,0.0936,0.0811,0.0009,0.0257,0.004,0.7642,0.5572
University of Pittsburgh-Pittsburgh Campus,20,93236,0.4928,0.0007,0.0903,0.0496,0.0316,0.0005,0.0346,0.0109,0.7449,0.5072
Asheville-Buncombe Technical Community College,26,24112,0.432,0.007,0.0072,0.0692,0.0686,0.0014,0.0264,0.0295,0.7688,0.568
Forsyth Technical Community College,26,22436,0.4065,0.0048,0.0171,0.2626,0.0895,0.0018,0.0241,0.0138,0.5738,0.5935
Elon University,19,144722,0.4103,0.0025,0.0224,0.0562,0.0542,0.0003,0.023,0.0066,0.8159,0.5897
Bowling Green State University-Main Campus,20,68535,0.4315,0.0023,0.0069,0.0983,0.0412,0.0006,0.0343,0.0222,0.7753,0.5685
Tri-County Technical College,22,41544,0.4953,0.0023,0.0126,0.1022,0.0457,0.0008,0.0263,0.0068,0.8035,0.5047
Nashville State Community College,25,26324,0.4136,0.0026,0.031,0.2996,0.0673,0.0019,0.0321,0.0089,0.5496,0.5864
Southwest Tennessee Community College,23,18514,0.3999,0.003,0.0262,0.5933,0.0463,0.0013,0.0237,0.0035,0.2867,0.6001
West Chester University of Pennsylvania,21,87766,0.4041,0.001,0.0212,0.1064,0.0541,0.0012,0.0291,0.0036,0.779,0.5959
Slippery Rock University of Pennsylvania,20,76641,0.4301,0.0017,0.0075,0.052,0.0241,0.0005,0.0328,0.013,0.8582,0.5699
Shippensburg University of Pennsylvania,20,76593,0.5056,0.0015,0.0141,0.1035,0.047,0.001,0.0324,0.0144,0.7815,0.4944
Brown University,19,106820,0.4771,0.0043,0.1332,0.0671,0.1138,0.0016,0.0622,0.0693,0.4294,0.5229
Texas Tech University,21,71479,0.5524,0.0032,0.025,0.0612,0.2301,0.0014,0.0268,0.0056,0.6004,0.4476
Tarrant County College District,25,25962,0.4204,0.0047,0.0582,0.189,0.3062,0.002,0.0228,0.0114,0.3966,0.5796
The University of Texas at Austin,20,74066,0.4788,0.0016,0.1995,0.0418,0.2227,0.0015,0.0357,0.0067,0.4427,0.5212
Lone Star College System,25,27823,0.4155,0.0023,0.058,0.1646,0.3593,0.0,0.0313,0.0232,0.3127,0.5845
Sam Houston State University,22,53027,0.3885,0.0055,0.014,0.1853,0.2044,0.0015,0.0314,0.0197,0.5254,0.6115
Texas A & M University-Kingsville,24,37607,0.546,0.0011,0.008,0.0742,0.6993,0.0011,0.0055,0.0057,0.1773,0.454
Prairie View A & M University,21,38922,0.403,0.0019,0.0284,0.8565,0.0604,0.0009,0.0071,0.0025,0.0274,0.597
Texas Woman's University,25,43661,0.1031,0.0035,0.0825,0.201,0.2693,0.0017,0.0346,0.0078,0.3908,0.8969
The University of Texas at San Antonio,21,51632,0.5066,0.0017,0.0559,0.0908,0.53,0.0017,0.03,0.0073,0.2498,0.4934
University of Houston,22,46395,0.5101,0.0015,0.2224,0.1049,0.3218,0.0023,0.0339,0.0099,0.2571,0.4899
Utah State University,23,52402,0.4761,0.0195,0.0103,0.0096,0.0592,0.0035,0.0195,0.0558,0.8057,0.5239
Weber State University,25,43916,0.4675,0.0064,0.0175,0.0183,0.1022,0.0052,0.0233,0.1359,0.6705,0.5325
Tyler Junior College,23,35054,0.4082,0.0045,0.0131,0.2159,0.1752,0.0017,0.03,0.0076,0.5422,0.5918
Brigham Young University-Provo,21,57623,0.525,0.0034,0.0186,0.0048,0.0567,0.0062,0.036,0.0113,0.8327,0.475
West Texas A & M University,23,52352,0.4465,0.0051,0.0145,0.0556,0.2647,0.0012,0.0223,0.0184,0.5998,0.5535
University of Wisconsin-Milwaukee,22,61913,0.4914,0.0043,0.0675,0.0822,0.0919,0.0011,0.0376,0.002,0.6772,0.5086
West Virginia University,20,75695,0.5432,0.0012,0.0148,0.0455,0.0363,0.0008,0.0344,0.0033,0.8062,0.4568
Tacoma Community College,28,26448,0.3813,0.0105,0.0629,0.084,0.0893,0.0078,0.0901,0.1426,0.4585,0.6187
University of Wisconsin-Oshkosh,21,70005,0.425,0.007,0.0389,0.0232,0.036,0.0004,0.022,0.0008,0.8654,0.575
Fox Valley Technical College,26,41207,0.4998,0.0133,0.0476,0.03,0.0414,0.0014,0.0052,0.0888,0.7715,0.5002
Northeast Wisconsin Technical College,25,38643,0.4013,0.0242,0.0413,0.0227,0.0618,0.0011,0.0184,0.0003,0.8301,0.5987
Marquette University,19,118342,0.4663,0.0023,0.0551,0.0414,0.0986,0.0007,0.0371,0.0021,0.7269,0.5337
Inter American University of Puerto Rico-Ponce,22,16784,0.4067,0.0022,0.0004,0.0004,0.995,0.0,0.0,0.0,0.002,0.5933
University of Wisconsin-Stevens Point,21,68106,0.4786,0.0052,0.0283,0.0244,0.0371,0.0007,0.0216,0.0009,0.8664,0.5214
University of Wisconsin-River Falls,21,75282,0.3931,0.0019,0.0267,0.0189,0.0252,0.0004,0.0238,0.0021,0.8871,0.6069
Collin County Community College District,25,34575,0.4578,0.005,0.0934,0.1241,0.1988,0.0024,0.0349,0.0064,0.4959,0.5422
Kilgore College,24,29605,0.4245,0.0053,0.0108,0.1901,0.1796,0.0004,0.0288,0.0092,0.5693,0.5755
Thomas Nelson Community College,26,29611,0.4001,0.0043,0.0292,0.3645,0.0685,0.004,0.0538,0.0079,0.4662,0.5999
J Sargeant Reynolds Community College,26,25955,0.3989,0.0051,0.052,0.3625,0.0546,0.0022,0.036,0.0078,0.4698,0.6011
University of Virginia-Main Campus,20,96898,0.4501,0.0011,0.1251,0.0614,0.0608,0.0003,0.0454,0.0554,0.6027,0.5499
Southern Methodist University,20,107754,0.4986,0.0036,0.0662,0.0462,0.1144,0.0014,0.0358,0.0002,0.6531,0.5014
Virginia Commonwealth University,21,69278,0.4257,0.0023,0.1293,0.1834,0.0844,0.0016,0.0555,0.0134,0.4964,0.5743
Columbia Basin College,24,30757,0.4263,0.0066,0.0223,0.0118,0.3484,0.0014,0.0366,0.0442,0.5269,0.5737
Las Positas College,24,22665,0.4879,0.0017,0.1542,0.0476,0.2915,0.006,0.0647,0.009,0.4099,0.5121
Everest University-South Orlando,31,11942,0.2337,0.0089,0.0035,0.5068,0.0545,0.0039,0.0379,0.0655,0.319,0.7663
Johnson & Wales University-Providence,21,63471,0.3996,0.0011,0.0069,0.1161,0.1082,0.0005,0.0781,0.0425,0.5667,0.6004
University of South Carolina-Columbia,20,89474,0.4641,0.0022,0.0274,0.0957,0.0441,0.0011,0.0369,0.0098,0.7684,0.5359
College of Charleston,20,82831,0.3672,0.0021,0.0184,0.0742,0.0482,0.0011,0.0377,0.0078,0.8032,0.6328
Clemson University,20,91700,0.5275,0.0017,0.0221,0.0661,0.0321,0.0006,0.0259,0.0099,0.8346,0.4725
Volunteer State Community College,23,33950,0.408,0.0037,0.0116,0.1069,0.0522,0.0014,0.026,0.0178,0.7757,0.592
Baylor University,20,99949,0.4203,0.0037,0.0622,0.0684,0.1419,0.0004,0.0477,0.003,0.6408,0.5797
Tennessee State University,22,33896,0.4018,0.0017,0.0091,0.7043,0.0125,0.0,0.0261,0.005,0.1355,0.5982
Austin Community College District,24,31702,0.4548,0.0074,0.0475,0.0779,0.3313,0.0017,0.028,0.0462,0.4251,0.5452
Houston Community College,26,23635,0.42,0.0017,0.0944,0.298,0.3253,0.0023,0.0151,0.0201,0.1392,0.58
Del Mar College,24,26747,0.4372,0.0018,0.0181,0.0287,0.6532,0.0018,0.0351,0.0049,0.2552,0.5628
Central Texas College,27,26140,0.5562,0.0118,0.0283,0.2954,0.2081,0.016,0.0304,0.0345,0.372,0.4438
North Central Texas College,24,37697,0.4351,0.0066,0.0251,0.0893,0.2151,0.001,0.0281,0.0037,0.621,0.5649
California State University-San Marcos,23,47268,0.3943,0.0032,0.1026,0.0336,0.4226,0.0038,0.0552,0.0529,0.3017,0.6057
Kaplan University-Davenport Campus,32,24127,0.2648,0.0104,0.015,0.2925,0.1016,0.0049,0.0221,0.0579,0.4913,0.7352
California State University-Monterey Bay,23,44861,0.3745,0.0039,0.0529,0.0607,0.4326,0.0037,0.0655,0.051,0.3056,0.6255
Georgia Gwinnett College,22,39216,0.4416,0.0015,0.0948,0.3325,0.1642,0.0008,0.0375,0.0073,0.3435,0.5584
University of Phoenix-California,31,23523,0.5384,0.0017,0.0348,0.0936,0.2337,0.0156,0.0664,0.3915,0.1492,0.4616
Arizona State University-Skysong,24,56417,0.4285,0.0113,0.0355,0.0703,0.1815,0.0048,0.0419,0.0145,0.6391,0.5715
Chamberlain College of Nursing-Illinois,33,55934,0.0976,0.002,0.0579,0.1122,0.1012,0.0042,0.0071,0.1991,0.5135,0.9024
Baton Rouge Community College,24,28467,0.4042,0.0026,0.0179,0.4437,0.042,0.0014,0.022,0.0492,0.4027,0.5958
Suffolk County Community College,21,49023,0.4797,0.0035,0.0318,0.0889,0.2212,0.0009,0.0112,0.0727,0.5647,0.5203
The Community College of Baltimore County,25,29753,0.3984,0.0038,0.0569,0.4006,0.0467,0.0023,0.0358,0.0045,0.4049,0.6016
Santiago Canyon College,22,25991,0.593,0.0024,0.0691,0.0197,0.4677,0.0034,0.0433,0.0212,0.3648,0.407
Embry-Riddle Aeronautical University-Worldwide,25,55113,0.8875,0.0055,0.0276,0.0874,0.0532,0.0082,0.0649,0.1532,0.5758,0.1125
The University of Alabama,21,89976,0.4525,0.0035,0.0113,0.1092,0.0399,0.0009,0.0271,0.0029,0.7807,0.5475
Auburn University,20,88987,0.5095,0.0063,0.025,0.0671,0.0323,0.0001,0.0057,0.0085,0.842,0.4905
University of Alaska Fairbanks,25,47045,0.451,0.136,0.0136,0.0208,0.0582,0.0041,0.0438,0.2912,0.4208,0.549
Glendale Community College,24,24677,0.4582,0.0151,0.0431,0.0701,0.3648,0.0027,0.0228,0.0497,0.4255,0.5418
Northern Arizona University,24,56825,0.4111,0.0273,0.0182,0.0338,0.2177,0.0028,0.0533,0.0071,0.5948,0.5889
California State University-Fresno,21,35149,0.4247,0.003,0.1452,0.0323,0.4796,0.002,0.0291,0.0445,0.2134,0.5753
California State Polytechnic University-Pomona,22,44238,0.5576,0.002,0.2425,0.0329,0.396,0.0015,0.0399,0.0382,0.1936,0.4424
University of Central Arkansas,21,48213,0.4087,0.0051,0.0173,0.1843,0.0474,0.0011,0.0353,0.0086,0.6574,0.5913
Butte College,23,20529,0.4781,0.0163,0.0539,0.0269,0.2255,0.0043,0.0267,0.0318,0.6002,0.5219
Academy of Art University,25,38386,0.4261,0.0047,0.0777,0.0677,0.1201,0.007,0.0284,0.1818,0.2318,0.5739
California Baptist University,23,58584,0.372,0.0061,0.0491,0.0736,0.3436,0.0103,0.0565,0.0489,0.3916,0.628
California State University-Northridge,22,33066,0.4626,0.0014,0.113,0.0518,0.4404,0.0009,0.0329,0.0448,0.2278,0.5374
Chapman University,20,96711,0.3972,0.0027,0.1035,0.014,0.1436,0.004,0.0627,0.0443,0.584,0.6028
Cerritos College,23,21333,0.4563,0.0485,0.0843,0.0314,0.6992,0.0056,0.0129,0.0652,0.0454,0.5437
East Los Angeles College,23,19183,0.5133,0.0021,0.098,0.045,0.6622,0.0016,0.004,0.0971,0.0667,0.4867
Diablo Valley College,24,21095,0.4891,0.0017,0.1547,0.0535,0.233,0.0039,0.0806,0.0092,0.376,0.5109
University of California-Riverside,20,49287,0.4806,0.0015,0.3665,0.0418,0.3627,0.0039,0.0404,0.0104,0.1321,0.5194
University of California-Davis,21,50549,0.4111,0.0018,0.3215,0.0222,0.1872,0.0049,0.0524,0.0147,0.2832,0.5889
University of California-Santa Cruz,20,57985,0.4748,0.001,0.2106,0.0195,0.3116,0.0023,0.0732,0.0161,0.3301,0.5252
University of California-San Diego,20,52686,0.5249,0.0012,0.3749,0.0123,0.1558,0.0032,0.0474,0.0175,0.2144,0.4751
Canada College,26,21892,0.3559,0.0027,0.1275,0.0299,0.4497,0.015,0.0424,0.0191,0.2752,0.6441
Bakersfield College,23,19236,0.4449,0.0036,0.0358,0.0387,0.6593,0.0012,0.0313,0.0031,0.2235,0.5551
University of La Verne,25,50763,0.4152,0.0031,0.051,0.0586,0.4951,0.0051,0.0333,0.1029,0.2245,0.5848
Glendale Community College,26,15903,0.466,0.0011,0.101,0.0267,0.3222,0.0008,0.0291,0.0155,0.4501,0.534
Foothill College,25,25527,0.5175,0.0024,0.2354,0.0335,0.2434,0.0063,0.0505,0.0097,0.3332,0.4825
Long Beach City College,23,18839,0.4524,0.0017,0.1086,0.1216,0.5673,0.0067,0.044,0.0033,0.1404,0.5476
Los Angeles Pierce College,25,19021,0.4574,0.0021,0.1052,0.0558,0.474,0.0016,0.0327,0.0284,0.2901,0.5426
Los Angeles City College,27,13991,0.4379,0.0019,0.1375,0.0977,0.5035,0.0011,0.0239,0.0213,0.1867,0.5621
Colorado State University-Fort Collins,21,82917,0.4897,0.0066,0.0249,0.0239,0.1111,0.0017,0.0204,0.0418,0.7365,0.5103
Yuba College,25,19910,0.3917,0.0103,0.1143,0.0341,0.3275,0.004,0.0659,0.03,0.4134,0.6083
Mt San Antonio College,23,22485,0.4831,0.0017,0.1774,0.0404,0.6073,0.0031,0.029,0.0067,0.1154,0.5169
Palomar College,24,22961,0.5422,0.0067,0.0635,0.0317,0.4012,0.005,0.0462,0.0297,0.4043,0.4578
Los Angeles Valley College,26,17547,0.4305,0.0016,0.0788,0.0541,0.4967,0.0016,0.0227,0.0351,0.3015,0.5695
Mt San Jacinto Community College District,25,19676,0.4155,0.0049,0.0566,0.0731,0.4709,0.0037,0.0567,0.0115,0.3227,0.5845
Moorpark College,23,25369,0.4838,0.0026,0.0814,0.0197,0.3195,0.0023,0.0481,0.0076,0.513,0.5162
Oxnard College,23,23889,0.4594,0.0029,0.0561,0.0321,0.7232,0.0024,0.0252,0.0041,0.1537,0.5406
Santa Barbara City College,24,33373,0.4631,0.0031,0.0518,0.0364,0.3312,0.0018,0.0504,0.0237,0.4114,0.5369
Sonoma State University,21,61120,0.3791,0.0051,0.0484,0.0227,0.2865,0.0019,0.0679,0.0675,0.4795,0.6209
Southwestern College,23,21798,0.4685,0.0049,0.1326,0.0508,0.6915,0.005,0.0001,0.0077,0.1017,0.5315
Solano Community College,26,20781,0.4157,0.0026,0.1488,0.1355,0.278,0.0083,0.0893,0.0183,0.3142,0.5843
San Bernardino Valley College,25,18683,0.4181,0.0022,0.0451,0.1221,0.6485,0.0023,0.0337,0.003,0.1405,0.5819
Santa Clara University,20,131111,0.5082,0.0009,0.1637,0.0318,0.1744,0.0017,0.0704,0.0372,0.4869,0.4918
University of Southern California,20,80341,0.4925,0.0015,0.2156,0.0421,0.138,0.0016,0.0521,0.0138,0.4013,0.5075
West Valley College,25,20835,0.4468,0.0019,0.1619,0.0291,0.2727,0.0033,0.0541,0.0205,0.4448,0.5532
Laney College,28,12884,0.4515,0.0031,0.2593,0.2375,0.1897,0.0058,0.0508,0.0565,0.1534,0.5485
Los Angeles Trade Technical College,26,13974,0.5343,0.0023,0.0451,0.2049,0.6275,0.0016,0.0223,0.029,0.0595,0.4657
Merced College,22,20749,0.4208,0.0043,0.0983,0.0337,0.5901,0.0039,0.0292,0.007,0.2232,0.5792
Los Medanos College,25,19033,0.4604,0.0011,0.0912,0.1539,0.3813,0.0065,0.0793,0.008,0.2757,0.5396
Pikes Peak Community College,27,32066,0.4281,0.0102,0.0267,0.0793,0.1451,0.0068,0.0641,0.0356,0.6231,0.5719
University of Northern Colorado,21,67111,0.3675,0.0035,0.0167,0.0418,0.1831,0.0021,0.0375,0.149,0.5554,0.6325
University of Connecticut,20,87047,0.5012,0.0017,0.102,0.0544,0.088,0.0005,0.0277,0.0659,0.606,0.4988
Howard University,20,55842,0.324,0.0074,0.0135,0.9055,0.0047,0.0015,0.0,0.0,0.0169,0.676
Georgetown University,20,106743,0.4506,0.0006,0.1003,0.061,0.0812,0.0006,0.0452,0.0169,0.5785,0.5494
University of Hartford,20,84075,0.4932,0.0042,0.031,0.1579,0.1177,0.0004,0.0288,0.0424,0.5567,0.5068
Western Connecticut State University,21,63612,0.4633,0.0012,0.038,0.1216,0.1817,0.0012,0.0114,0.0305,0.6115,0.5367
American University,19,102820,0.3745,0.001,0.0703,0.0688,0.1185,0.0004,0.0464,0.0425,0.5816,0.6255
Quinnipiac University,19,122012,0.391,0.0013,0.0284,0.0483,0.0864,0.0006,0.0196,0.0263,0.7661,0.609
Naugatuck Valley Community College,24,27994,0.424,0.0016,0.0286,0.1046,0.2717,0.0017,0.0221,0.0414,0.5262,0.576
Manchester Community College,24,28171,0.4711,0.0024,0.0477,0.1552,0.1877,0.0015,0.0227,0.0558,0.5252,0.5289
University of Central Florida,23,46454,0.4525,0.0019,0.0586,0.1122,0.2404,0.0023,0.0351,0.0062,0.5325,0.5475
Daytona State College,25,28694,0.3971,0.0042,0.0205,0.1378,0.1415,0.0022,0.0191,0.0164,0.6532,0.6029
Florida Atlantic University,23,42842,0.4343,0.002,0.0381,0.1974,0.2604,0.0014,0.0368,0.0099,0.4314,0.5657
Florida State College at Jacksonville,25,30695,0.4081,0.004,0.0371,0.2546,0.0769,0.0051,0.026,0.0971,0.4908,0.5919
Florida Agricultural and Mechanical University,20,37748,0.3617,0.0009,0.0056,0.9149,0.0158,0.0,0.0236,0.0,0.0322,0.6383
Florida SouthWestern State College,23,32125,0.4205,0.0031,0.0182,0.1111,0.2752,0.0016,0.0197,0.0353,0.5122,0.5795
San Francisco State University,22,41458,0.4369,0.0017,0.2794,0.0479,0.2928,0.0049,0.0585,0.0508,0.2062,0.5631
San Jose State University,22,42328,0.5229,0.0015,0.3618,0.0339,0.2561,0.004,0.0532,0.0379,0.1922,0.4771
Sacramento City College,24,16776,0.4318,0.0054,0.1982,0.1096,0.3023,0.0122,0.0617,0.0166,0.2774,0.5682
Pasadena City College,22,20423,0.4747,0.0011,0.2343,0.0387,0.496,0.001,0.11,0.0065,0.073,0.5253
San Diego City College,25,16962,0.4779,0.0029,0.0892,0.1046,0.4927,0.0052,0.0473,0.0185,0.237,0.5221
Rio Hondo College,22,20840,0.5716,0.002,0.0723,0.0213,0.7685,0.0015,0.0092,0.0476,0.075,0.4284
Santa Ana College,23,23465,0.6218,0.0025,0.0824,0.0144,0.5044,0.0028,0.013,0.153,0.2144,0.3782
San Jose City College,27,16857,0.4394,0.0032,0.2319,0.0633,0.4356,0.0066,0.0451,0.044,0.1675,0.5606
University of Cincinnati-Main Campus,22,67618,0.4998,0.0017,0.0315,0.0735,0.0293,0.0011,0.0266,0.0446,0.7476,0.5002
Columbus State Community College,24,35667,0.4621,0.0029,0.0287,0.2141,0.0457,0.0007,0.0395,0.0363,0.6233,0.5379
University of Akron Main Campus,21,57653,0.5411,0.0016,0.0227,0.1223,0.0243,0.0006,0.0387,0.0275,0.7423,0.4589
North Dakota State University-Main Campus,20,84969,0.5479,0.0075,0.0134,0.0261,0.0179,0.0006,0.0241,0.0157,0.8647,0.4521
University of Dayton,19,129649,0.5275,0.0009,0.0127,0.0293,0.0327,0.0006,0.018,0.0118,0.7825,0.4725
Sinclair Community College,25,32382,0.4298,0.0052,0.0152,0.1328,0.0273,0.0015,0.0267,0.1776,0.5978,0.5702
Owens Community College,24,35144,0.4091,0.0034,0.0107,0.1373,0.0799,0.0007,0.031,0.0148,0.7131,0.5909
North Carolina Central University,22,35806,0.334,0.004,0.0112,0.8134,0.0352,0.0003,0.045,0.0238,0.0647,0.666
University of North Carolina at Chapel Hill,20,79797,0.4162,0.0057,0.1004,0.0784,0.0757,0.0011,0.0433,0.0339,0.637,0.5838
SUNY at Binghamton,20,79298,0.5224,0.001,0.1428,0.0489,0.1031,0.0006,0.0241,0.0197,0.5584,0.4776
SUNY Cortland,20,81019,0.4345,0.0013,0.0131,0.0551,0.1136,0.0013,0.0217,0.0534,0.7353,0.5655
SUNY College at Geneseo,19,87410,0.4019,0.0022,0.0645,0.0299,0.0732,0.0002,0.027,0.036,0.7435,0.5981
Central Piedmont Community College,24,21406,0.4495,0.0049,0.036,0.3033,0.1115,0.0017,0.0294,0.0339,0.4242,0.5505
Gaston College,25,21972,0.3618,0.0063,0.0133,0.1562,0.0625,0.0004,0.0,0.071,0.6903,0.6382
Duke University,22,74260,0.5119,0.0068,0.2157,0.0977,0.0737,0.0008,0.0194,0.0218,0.463,0.4881
University of Oklahoma-Norman Campus,22,71953,0.5124,0.0393,0.06,0.0488,0.0907,0.0013,0.0747,0.0222,0.6183,0.4876
University of Central Oklahoma,23,48639,0.4177,0.0378,0.0343,0.09,0.092,0.0018,0.0877,0.0143,0.5683,0.5823
Wright State University-Main Campus,22,54689,0.4821,0.0018,0.0248,0.1231,0.0328,0.0012,0.0409,0.0023,0.7211,0.5179
Rose State College,25,29776,0.3789,0.051,0.0211,0.1706,0.0618,0.0027,0.1003,0.0573,0.5345,0.6211
Portland Community College,27,28185,0.4659,0.0096,0.0718,0.0526,0.1102,0.0059,0.0616,0.0675,0.5861,0.5341
Community College of Allegheny County,24,31575,0.4332,0.0062,0.0277,0.1831,0.0145,0.0013,0.0132,0.1535,0.5999,0.5668
Portland State University,26,39550,0.4735,0.014,0.0814,0.035,0.1193,0.007,0.058,0.0426,0.5885,0.5265
Drexel University,23,82126,0.5308,0.0012,0.1414,0.066,0.058,0.0063,0.0295,0.0222,0.5426,0.4692
California University of Pennsylvania,23,59122,0.4691,0.0023,0.0077,0.1234,0.0285,0.0016,0.0334,0.0208,0.7743,0.5309
Edinboro University of Pennsylvania,21,53573,0.4209,0.0021,0.0119,0.0766,0.0265,0.0002,0.0362,0.0161,0.8127,0.5791
East Stroudsburg University of Pennsylvania,21,65895,0.4426,0.0015,0.0187,0.1392,0.1161,0.0015,0.0411,0.008,0.6639,0.5574
Pennsylvania State University-Main Campus,21,80547,0.5361,0.0007,0.0616,0.0419,0.0595,0.001,0.026,0.0166,0.6861,0.4639
Northampton County Area Community College,23,36241,0.4078,0.0027,0.0243,0.1277,0.2047,0.0022,0.0253,0.0144,0.5875,0.5922
Luzerne County Community College,24,33000,0.3991,0.0034,0.0151,0.0467,0.1138,0.0017,0.0121,0.0916,0.7151,0.6009
Lehigh University,19,116136,0.5554,0.0014,0.0857,0.0356,0.0859,0.0004,0.0251,0.0269,0.6563,0.4446
Community College of Philadelphia,25,22615,0.3822,0.0028,0.0544,0.4394,0.1201,0.0018,0.0299,0.0343,0.2003,0.6178
The University of Tennessee-Chattanooga,21,61839,0.4381,0.0027,0.0197,0.1126,0.0342,0.0008,0.0658,0.0097,0.7483,0.5619
Temple University,21,74500,0.489,0.0014,0.1067,0.131,0.0609,0.001,0.0303,0.0482,0.5609,0.511
The University of Tennessee-Knoxville,21,68303,0.5071,0.0023,0.0318,0.0698,0.0339,0.0004,0.0293,0.0279,0.7897,0.4929
Austin Peay State University,23,41965,0.4159,0.0038,0.0169,0.2003,0.0628,0.0024,0.0561,0.024,0.6302,0.5841
Northeast State Community College,24,20335,0.4885,0.0022,0.0047,0.0268,0.0232,0.0004,0.0174,0.012,0.9116,0.5115
Belmont University,20,103037,0.3824,0.0032,0.0202,0.0462,0.0494,0.0012,0.0354,0.0357,0.7994,0.6176
Texas A & M University-Commerce,25,41903,0.4077,0.0066,0.0158,0.2119,0.1758,0.002,0.0568,0.009,0.4988,0.5923
El Paso Community College,23,21436,0.4383,0.0031,0.0064,0.0249,0.8518,0.0013,0.0007,0.0125,0.0811,0.5617
Brookhaven College,26,24795,0.4299,0.0037,0.1109,0.1594,0.3966,0.0008,0.0154,0.041,0.2666,0.5701
Vanderbilt University,19,90164,0.5047,0.0038,0.1156,0.084,0.0847,0.001,0.0473,0.0475,0.5491,0.4953
Horry-Georgetown Technical College,25,30575,0.3618,0.0033,0.0088,0.2191,0.039,0.0008,0.0291,0.005,0.6928,0.6382
South Dakota State University,21,76851,0.4782,0.009,0.0094,0.0193,0.0198,0.0007,0.0208,0.0025,0.8831,0.5218
University of South Carolina-Upstate,23,48837,0.3594,0.0027,0.0251,0.2903,0.0499,0.0006,0.0367,0.02,0.5595,0.6406
Saint Joseph's University,21,127593,0.4468,0.0011,0.025,0.0652,0.0568,0.0008,0.0194,0.0171,0.7955,0.5532
University of Houston-Clear Lake,27,37883,0.3455,0.0024,0.0618,0.0883,0.3561,0.0019,0.0272,0.0133,0.4294,0.6545
Lamar University,25,46003,0.4238,0.0043,0.0457,0.2671,0.1461,0.001,0.0209,0.0222,0.4761,0.5762
University of Houston-Downtown,27,31472,0.3967,0.0046,0.0929,0.2288,0.4323,0.0023,0.0104,0.0108,0.1655,0.6033
University of North Texas,22,56085,0.482,0.0034,0.0554,0.1193,0.2228,0.0013,0.0843,0.0093,0.4656,0.518
Utah Valley University,23,44379,0.5594,0.0066,0.0096,0.009,0.104,0.0078,0.0263,0.0662,0.7474,0.4406
Salt Lake Community College,25,34184,0.4992,0.0095,0.0375,0.0239,0.1749,0.0128,0.0238,0.0156,0.6855,0.5008
Texas Southern University,22,29695,0.4326,0.0099,0.0237,0.8003,0.0618,0.001,0.0,0.0033,0.024,0.5674
Southern Utah University,22,51094,0.4671,0.0137,0.0082,0.0187,0.0569,0.0132,0.008,0.0535,0.7726,0.5329
University of Vermont,20,107398,0.4418,0.0014,0.0261,0.0122,0.0419,0.0003,0.0317,0.0253,0.8191,0.5582
Stephen F Austin State University,21,58611,0.3678,0.0046,0.0109,0.2031,0.1604,0.0003,0.0322,0.0088,0.5743,0.6322
Texas A & M University-College Station,20,75776,0.5111,0.0025,0.0585,0.0299,0.2186,0.0011,0.0304,0.0017,0.6455,0.4889
San Antonio College,24,25039,0.4123,0.0029,0.0261,0.0649,0.6145,0.0016,0.0326,0.0002,0.2466,0.5877
Navarro College,24,29661,0.4182,0.0062,0.0083,0.1991,0.1926,0.0027,0.0119,0.0,0.5677,0.5818
The University of Texas at Dallas,22,51393,0.5662,0.0019,0.2879,0.0609,0.1796,0.0024,0.0424,0.0174,0.3744,0.4338
Temple College,26,30608,0.3456,0.0076,0.0187,0.1714,0.2563,0.0042,0.0045,0.0159,0.5201,0.6544
Laredo Community College,20,20395,0.4446,0.0005,0.0022,0.0017,0.9793,0.0,0.0003,0.0008,0.0136,0.5554
Midwestern State University,23,54443,0.4248,0.0064,0.0295,0.1403,0.1721,0.0021,0.0356,0.0055,0.523,0.5752
Mountain View College,24,24177,0.4364,0.0019,0.0407,0.213,0.6049,0.0006,0.0107,0.0314,0.0939,0.5636
Lee College,25,25056,0.4837,0.0027,0.0126,0.139,0.4087,0.0,0.0206,0.0134,0.3954,0.5163
George Mason University,22,65277,0.488,0.0023,0.1893,0.1052,0.1284,0.004,0.0457,0.0457,0.4339,0.512
John Tyler Community College,25,33247,0.4083,0.0055,0.0296,0.2789,0.0861,0.0021,0.0422,0.0076,0.5457,0.5917
James Madison University,20,103184,0.4112,0.0017,0.0444,0.0435,0.0593,0.0014,0.0397,0.03,0.7597,0.5888
Liberty University,31,41805,0.4184,0.0046,0.0091,0.1263,0.0479,0.0017,0.0202,0.3092,0.4639,0.5816
Old Dominion University,23,55736,0.4588,0.0038,0.0432,0.2713,0.0725,0.0039,0.0644,0.0602,0.4664,0.5412
Radford University,20,74077,0.4361,0.0023,0.0144,0.1338,0.0653,0.0017,0.0522,0.0113,0.712,0.5639
The University of Texas at Tyler,24,47164,0.4291,0.0033,0.0348,0.0928,0.1645,0.0007,0.0763,0.0312,0.5767,0.5709
Wharton County Junior College,22,41212,0.4562,0.0034,0.1229,0.1245,0.4016,0.0034,0.013,0.0016,0.3289,0.5438
Texas Christian University,20,110495,0.3985,0.0076,0.0259,0.049,0.1113,0.0025,0.0031,0.0185,0.7349,0.6015
Germanna Community College,24,39332,0.4124,0.0051,0.0268,0.1523,0.1071,0.0034,0.0541,0.008,0.6396,0.5876
Tidewater Community College,26,30496,0.417,0.0057,0.0413,0.3468,0.0784,0.0063,0.0512,0.0072,0.4585,0.583
Marshall University,21,53393,0.4318,0.0031,0.0077,0.0685,0.0215,0.0011,0.0269,0.0128,0.8436,0.5682
University of Washington-Seattle Campus,22,57388,0.4764,0.0044,0.2387,0.0254,0.0734,0.0047,0.0663,0.0119,0.4245,0.5236
Madison Area Technical College,25,42894,0.4524,0.0062,0.0461,0.0685,0.0967,0.0006,0.0434,0.0118,0.7079,0.5476
Western Washington University,21,67253,0.4458,0.0038,0.068,0.0172,0.0792,0.0024,0.0853,0.0063,0.7282,0.5542
Spokane Falls Community College,25,29595,0.4403,0.0137,0.0203,0.0284,0.0839,0.0015,0.0642,0.0572,0.7126,0.5597
Spokane Community College,27,25434,0.4286,0.0179,0.0214,0.0213,0.0615,0.003,0.055,0.0777,0.7332,0.5714
Clark College,26,28662,0.4213,0.0058,0.0396,0.0204,0.0934,0.0056,0.0846,0.054,0.685,0.5787
Inter American University of Puerto Rico-Metro,24,20009,0.4476,0.0027,0.0031,0.0074,0.9781,0.0009,0.0,0.0,0.0077,0.5524
Pontifical Catholic University of Puerto Rico-Ponce,21,16232,0.4133,0.0,0.0,0.0002,0.9908,0.0,0.0,0.0052,0.0007,0.5867
Instituto de Banca y Comercio Inc,25,6174,0.4343,0.0,0.0,0.0,1.0,0.0,0.0,0.0,0.0,0.5657
University of Wyoming,22,67431,0.4862,0.0061,0.0126,0.0101,0.069,0.0024,0.031,0.0667,0.7625,0.5138
University of Wisconsin-Platteville,20,76246,0.6619,0.0018,0.0139,0.0149,0.0308,0.001,0.0171,0.0018,0.9048,0.3381
University of Wisconsin-La Crosse,20,85658,0.4391,0.0018,0.0234,0.0079,0.0324,0.0005,0.023,0.0004,0.8965,0.5609
University of Wisconsin-Green Bay,24,60894,0.3317,0.0122,0.0313,0.0162,0.0414,0.0013,0.0245,0.0013,0.8568,0.6683
University of Wisconsin-Eau Claire,20,83362,0.3946,0.0025,0.0361,0.009,0.0228,0.0008,0.0189,0.0008,0.8925,0.6054
University of Puerto Rico-Mayaguez,19,23231,0.5418,0.0,0.0,0.0,0.9342,0.0,0.0,0.0658,0.0,0.4582
Harrisburg Area Community College-Harrisburg,25,40215,0.3643,0.0035,0.0324,0.1168,0.1046,0.0019,0.0283,0.0159,0.6771,0.6357
Indiana University of Pennsylvania-Main Campus,20,69148,0.4477,0.001,0.0096,0.1213,0.0416,0.0003,0.0368,0.007,0.751,0.5523
Lehigh Carbon Community College,24,36862,0.4008,0.0024,0.0222,0.0669,0.1122,0.0,0.0446,0.1195,0.628,0.5992
Purdue University-Main Campus,20,91660,0.5818,0.0012,0.0615,0.0298,0.0435,0.001,0.022,0.0223,0.6464,0.4182
Chandler-Gilbert Community College,25,36947,0.4957,0.0174,0.0497,0.0442,0.2424,0.0041,0.0249,0.1153,0.4966,0.5043
DePaul University,22,70079,0.4732,0.0007,0.0831,0.0818,0.179,0.0014,0.0374,0.0351,0.548,0.5268
Columbia College Chicago,21,68969,0.4228,0.0028,0.0327,0.1526,0.1145,0.0009,0.0469,0.0671,0.5516,0.5772
College of DuPage,23,39069,0.4742,0.0016,0.0947,0.0861,0.2129,0.0025,0.0242,0.0205,0.5469,0.5258
Idaho State University,23,46913,0.4967,0.0108,0.0119,0.0133,0.1044,0.0018,0.0266,0.0208,0.6713,0.5033
City Colleges of Chicago-Harold Washington College,22,20516,0.4221,0.0019,0.0681,0.2921,0.4474,0.0009,0.0233,0.034,0.1031,0.5779
Florida State University,20,65105,0.4506,0.0022,0.0239,0.0802,0.1913,0.0015,0.0313,0.0136,0.6438,0.5494
University of North Florida,23,52726,0.451,0.0013,0.0439,0.0945,0.1012,0.0009,0.0543,0.0035,0.6863,0.549
Keiser University-Ft Lauderdale,28,29218,0.3206,0.0068,0.0218,0.2126,0.2803,0.0029,0.042,0.02,0.4041,0.6794
Pasco-Hernando State College,24,30931,0.3926,0.0032,0.0233,0.0538,0.1944,0.0018,0.0305,0.0196,0.6705,0.6074
Boise State University,23,57935,0.472,0.0051,0.0197,0.0172,0.1109,0.0042,0.0401,0.0182,0.7368,0.528
Valdosta State University,22,47994,0.4088,0.0026,0.0123,0.3618,0.0496,0.0015,0.0323,0.0048,0.5063,0.5912
University of West Georgia,21,52078,0.3692,0.0014,0.0091,0.3862,0.0491,0.0015,0.0331,0.0123,0.4997,0.6308
Georgia College and State University,20,87662,0.3993,0.0017,0.015,0.0496,0.0489,0.0008,0.0265,0.0019,0.8486,0.6007
Kapiolani Community College,24,31047,0.434,0.0018,0.4219,0.0113,0.0854,0.0314,0.2309,0.0023,0.0945,0.566
Leeward Community College,24,31149,0.4284,0.0012,0.3394,0.0267,0.1439,0.0572,0.3337,0.0028,0.0839,0.5716
Hillsborough Community College,24,27976,0.4368,0.0045,0.0275,0.1798,0.2648,0.0016,0.0237,0.1125,0.3497,0.5632
Seminole State College of Florida,24,31999,0.4421,0.0023,0.0276,0.1674,0.2451,0.0025,0.0318,0.0071,0.4944,0.5579
The University of Tampa,20,89296,0.4212,0.0027,0.0171,0.0497,0.1241,0.0007,0.027,0.0779,0.5917,0.5788
Joliet Junior College,23,36739,0.4648,0.0048,0.0215,0.0985,0.2259,0.0007,0.0377,0.0223,0.588,0.5352
College of Lake County,23,30778,0.4765,0.0015,0.0521,0.0757,0.3436,0.0021,0.0276,0.0497,0.4478,0.5235
Northwestern University,20,102986,0.5012,0.0003,0.174,0.0599,0.1151,0.0,0.0458,0.0184,0.5037,0.4988
Savannah College of Art and Design,20,82531,0.343,0.0053,0.0539,0.1153,0.0877,0.0034,0.0003,0.0402,0.5395,0.657
Gwinnett Technical College,28,28579,0.407,0.0026,0.0726,0.3458,0.1318,0.0017,0.0294,0.057,0.3447,0.593
Rasmussen College-Florida,30,34389,0.2433,0.0088,0.0193,0.1726,0.022,0.0031,0.0218,0.0881,0.6642,0.7567
Full Sail University,25,34453,0.7322,0.0088,0.0192,0.236,0.0311,0.0049,0.085,0.1044,0.4918,0.2678
Emory University,22,69044,0.4188,0.0016,0.191,0.0928,0.0805,0.0001,0.03,0.0316,0.4058,0.5812
Chattahoochee Technical College,26,20920,0.4554,0.0059,0.0242,0.2916,0.0996,0.0013,0.0184,0.0105,0.5374,0.5446
Vincennes University,22,40862,0.567,0.0019,0.0064,0.1204,0.0286,0.0021,0.0266,0.0764,0.732,0.433
Kirkwood Community College,24,43309,0.4716,0.0051,0.0161,0.1076,0.0494,0.0015,0.026,0.0569,0.7134,0.5284
Iowa State University,20,85719,0.5688,0.0024,0.029,0.0269,0.0467,0.0009,0.022,0.0482,0.7576,0.4312
Ashford University,33,21923,0.3034,0.0098,0.0126,0.3561,0.1042,0.0081,0.0334,0.0185,0.4558,0.6966
University of Southern Indiana,21,60689,0.3914,0.0025,0.015,0.0439,0.026,0.001,0.0225,0.0001,0.8707,0.6086
Ball State University,20,72605,0.4095,0.0004,0.0104,0.0779,0.0424,0.0012,0.0271,0.0129,0.811,0.5905
Illinois State University,20,80478,0.4508,0.001,0.0227,0.0775,0.0944,0.0008,0.027,0.0035,0.769,0.5492
Parkland College,23,36654,0.5017,0.0041,0.074,0.1456,0.0694,0.0014,0.0242,0.0873,0.5903,0.4983
Indiana University-South Bend,22,46317,0.389,0.0023,0.0147,0.0773,0.0918,0.0004,0.0337,0.0091,0.7392,0.611
Kansas State University,21,77125,0.5223,0.0039,0.0135,0.0369,0.0667,0.0012,0.0319,0.0129,0.777,0.4777
Johnson County Community College,24,39746,0.4803,0.0071,0.0417,0.0837,0.099,0.0017,0.0383,0.0415,0.6416,0.5197
University of Northern Iowa,21,74557,0.4296,0.0015,0.0104,0.0285,0.0346,0.0007,0.0212,0.0285,0.8347,0.5704
University of New Orleans,22,40363,0.5049,0.0032,0.0831,0.1581,0.1166,0.0003,0.0403,0.0192,0.5381,0.4951
Louisiana State University and Agricultural & Mechanical College,20,70992,0.4821,0.0033,0.0417,0.1197,0.06,0.0013,0.023,0.0039,0.7288,0.5179
Northwestern State University of Louisiana,23,43416,0.3183,0.0151,0.0064,0.3051,0.053,0.0013,0.0382,0.0234,0.5427,0.6817
University of Southern Maine,23,51221,0.4342,0.0084,0.0224,0.0373,0.023,0.0007,0.0297,0.0515,0.8169,0.5658
University of Maine,20,72127,0.5273,0.0093,0.0167,0.023,0.0282,0.0001,0.027,0.0492,0.824,0.4727
Southern Maine Community College,24,38462,0.4902,0.0065,0.0218,0.0676,0.0336,0.0008,0.0208,0.0296,0.8144,0.5098
Tulane University of Louisiana,23,98143,0.4218,0.0023,0.0323,0.0869,0.0648,0.0013,0.0349,0.0492,0.6956,0.5782
Southeastern Louisiana University,20,49231,0.3845,0.0019,0.0075,0.1797,0.0771,0.0013,0.0676,0.0067,0.6406,0.6155
University of Louisiana at Lafayette,22,53279,0.4391,0.0044,0.0215,0.2158,0.037,0.0007,0.0197,0.0113,0.6687,0.5609
Howard Community College,25,33668,0.4365,0.0025,0.119,0.29,0.1025,0.0031,0.0461,0.0244,0.3668,0.5635
Lansing Community College,24,37107,0.4647,0.0058,0.033,0.1071,0.0709,0.0024,0.0323,0.0588,0.6734,0.5353
Ferris State University,23,53180,0.4896,0.0055,0.0116,0.0768,0.0441,0.0006,0.0326,0.0136,0.7885,0.5104
University of Michigan-Ann Arbor,20,97203,0.5044,0.0019,0.1272,0.0431,0.0461,0.0004,0.0344,0.0648,0.6156,0.4956
Towson University,21,77095,0.4016,0.0014,0.0533,0.1777,0.0644,0.0011,0.043,0.0331,0.6052,0.5984
University of Maryland-Baltimore County,22,66175,0.5477,0.0014,0.2044,0.1718,0.0598,0.0019,0.0386,0.044,0.4357,0.4523
Morgan State University,21,48470,0.4627,0.0025,0.0064,0.83,0.0357,0.0008,0.034,0.0071,0.0181,0.5373
Bridgewater State University,21,71066,0.4133,0.0021,0.0186,0.0942,0.06,0.0006,0.0326,0.0132,0.7751,0.5867
Bunker Hill Community College,25,21441,0.4394,0.0037,0.0981,0.2665,0.2532,0.0016,0.0377,0.0427,0.232,0.5606
College of Southern Maryland,25,43419,0.4043,0.0043,0.0305,0.2656,0.0607,0.0035,0.0546,0.016,0.5605,0.5957
Davenport University,27,44600,0.4087,0.0047,0.0229,0.1278,0.013,0.0014,0.0307,0.1084,0.6702,0.5913
Middlesex Community College,23,37527,0.4267,0.0018,0.1222,0.0769,0.1862,0.0005,0.0174,0.0039,0.5768,0.5733
Delta College,23,29742,0.4576,0.0068,0.008,0.0865,0.0662,0.0004,0.0014,0.0269,0.802,0.5424
Northeastern University,21,104100,0.4965,0.0007,0.1206,0.0369,0.0689,0.0001,0.0388,0.0562,0.4787,0.5035
Quinsigamond Community College,24,34821,0.4205,0.0046,0.0408,0.129,0.185,0.0014,0.022,0.0508,0.5625,0.5795
Harvard University,22,58620,0.5254,0.0025,0.1851,0.0644,0.1023,0.0005,0.0622,0.0325,0.4399,0.4746
Michigan State University,20,85377,0.4958,0.0022,0.0466,0.0694,0.0404,0.0007,0.0276,0.009,0.6742,0.5042
Northern Michigan University,20,61695,0.4602,0.021,0.0049,0.0238,0.0324,0.0008,0.03,0.024,0.8498,0.5398
Michigan Technological University,19,83956,0.7343,0.0037,0.0105,0.0108,0.0185,0.0005,0.0274,0.0254,0.8609,0.2657
Tufts University,19,105468,0.4994,0.0004,0.1129,0.0386,0.0623,0.0002,0.0441,0.0674,0.5817,0.5006
Washtenaw Community College,25,30890,0.4805,0.0055,0.0315,0.1718,0.0537,0.0023,0.0465,0.0244,0.6457,0.5195
University of Mississippi,21,74524,0.4347,0.0034,0.016,0.1362,0.0288,0.001,0.0204,0.0005,0.7816,0.5653
Mississippi Gulf Coast Community College,24,26018,0.4035,0.0043,0.0281,0.2497,0.0303,0.0019,0.0357,0.02,0.63,0.5965
University of Nebraska-Lincoln,20,83017,0.5302,0.0019,0.0244,0.0265,0.0539,0.0007,0.0281,0.0174,0.7709,0.4698
Brookdale Community College,23,41152,0.4751,0.0054,0.0333,0.109,0.1314,0.0022,0.0101,0.0412,0.6569,0.5249
Montclair State University,21,61906,0.3845,0.0006,0.0517,0.1066,0.2542,0.0019,0.032,0.0942,0.4428,0.6155
New Jersey City University,25,33998,0.4033,0.0027,0.0719,0.2104,0.3606,0.0077,0.0177,0.0672,0.229,0.5967
Hudson County Community College,24,21502,0.4215,0.0032,0.075,0.1335,0.5658,0.0059,0.016,0.0812,0.1156,0.5785
College of Southern Nevada,26,23765,0.4201,0.0065,0.0951,0.1172,0.2871,0.0177,0.0535,0.0764,0.3333,0.5799
University of Nevada-Reno,21,64103,0.4745,0.0071,0.0723,0.0372,0.1888,0.0058,0.062,0.0108,0.6047,0.5255
Southern New Hampshire University,32,35822,0.3639,0.005,0.0107,0.1129,0.0604,0.0022,0.0098,0.3363,0.4508,0.6361
Stockton University,21,69005,0.4093,0.0012,0.0541,0.0688,0.1106,0.0021,0.0265,0.0147,0.7203,0.5907
Ramapo College of New Jersey,21,85103,0.4579,0.0037,0.071,0.0549,0.1324,0.0026,0.0111,0.0713,0.6404,0.5421
Seton Hall University,20,85891,0.44,0.0017,0.0944,0.0993,0.1901,0.0024,0.028,0.0505,0.5079,0.56
Rowan University,21,77733,0.5413,0.0018,0.0398,0.0994,0.1004,0.0012,0.0261,0.0336,0.6887,0.4587
University of New Mexico-Main Campus,24,36904,0.4469,0.0568,0.0342,0.0245,0.4651,0.0018,0.0345,0.0146,0.354,0.5531
Mercy College,24,43235,0.3075,0.0019,0.0381,0.2346,0.3541,0.0031,0.015,0.0718,0.2683,0.6925
CUNY Borough of Manhattan Community College,22,20579,0.4285,0.0035,0.1153,0.2677,0.444,0.0031,0.0139,0.0,0.0919,0.5715
Hofstra University,20,90037,0.4559,0.0042,0.094,0.0817,0.1385,0.0097,0.0249,0.039,0.5654,0.5441
CUNY Lehman College,25,22540,0.3207,0.0017,0.0616,0.2799,0.5522,0.0018,0.0065,0.0,0.062,0.6793
CUNY York College,23,24305,0.3338,0.01,0.2236,0.3928,0.2406,0.0098,0.0129,0.0,0.0625,0.6662
Fordham University,20,125462,0.4367,0.001,0.095,0.0434,0.1432,0.0013,0.032,0.0216,0.5928,0.5633
San Juan College,26,24554,0.3433,0.3431,0.0071,0.0113,0.1607,0.0012,0.0169,0.0392,0.4094,0.6567
Cornell University,20,89250,0.4847,0.0037,0.1809,0.0606,0.1213,0.0009,0.0446,0.0819,0.4093,0.5153
Rockland Community College,23,43343,0.473,0.0018,0.0522,0.1944,0.2197,0.0035,0.0195,0.1056,0.3934,0.527
Indiana Institute of Technology,30,22314,0.3866,0.0025,0.0032,0.3386,0.0327,0.0012,0.024,0.2178,0.3515,0.6134
Bluegrass Community and Technical College,25,31242,0.4258,0.0024,0.0208,0.1234,0.0494,0.0016,0.0348,0.0119,0.7444,0.5742
University of Notre Dame,19,132630,0.5212,0.0018,0.0561,0.0383,0.1071,0.0004,0.0439,0.0052,0.6921,0.4788
Southern Illinois University-Carbondale,21,51812,0.5442,0.0022,0.0161,0.1919,0.0849,0.0009,0.0305,0.0005,0.6371,0.4558
Metropolitan State University,29,37024,0.4365,0.008,0.1293,0.1988,0.0504,0.001,0.0409,0.0097,0.5442,0.5635
Montana State University,21,69548,0.5503,0.0162,0.0085,0.0064,0.0365,0.0017,0.0313,0.01,0.8565,0.4497
University of St Thomas,20,114945,0.5459,0.0016,0.0337,0.0249,0.0513,0.0,0.0321,0.012,0.8117,0.4541
Hinds Community College,23,23189,0.3834,0.002,0.0082,0.5643,0.0148,0.0001,0.0284,0.0121,0.3697,0.6166
University of Minnesota-Twin Cities,21,86275,0.487,0.0023,0.0893,0.0406,0.0351,0.0006,0.0361,0.0061,0.6971,0.513
Northwest Missouri State University,20,67175,0.4338,0.0032,0.0064,0.0664,0.0371,0.0008,0.0316,0.0123,0.7863,0.5662
Saint Louis University,22,95444,0.4071,0.0007,0.0944,0.0648,0.0481,0.0,0.0424,0.0139,0.6804,0.5929
Missouri University of Science and Technology,20,75714,0.77,0.0037,0.0299,0.0351,0.0311,0.0007,0.0264,0.0348,0.7815,0.23
Stony Brook University,21,62477,0.5451,0.0014,0.2371,0.0663,0.1111,0.0013,0.0236,0.067,0.3621,0.4549
SUNY at Albany,20,62855,0.511,0.0019,0.0832,0.1631,0.1505,0.0015,0.0289,0.0246,0.489,0.489
SUNY Oneonta,20,83966,0.3983,0.0019,0.0208,0.034,0.1087,0.0007,0.0206,0.0165,0.7847,0.6017
Universidad del Turabo,24,15913,0.422,0.0,0.0,0.0,1.0,0.0,0.0,0.0,0.0,0.578
California State University-Sacramento,23,38538,0.4403,0.0038,0.2081,0.0573,0.2894,0.008,0.0635,0.0573,0.29,0.5597
California State University-Long Beach,22,38549,0.4384,0.0016,0.2333,0.0383,0.3909,0.0021,0.0481,0.0364,0.1881,0.5616
Arkansas State University-Main Campus,23,43456,0.4291,0.0037,0.0073,0.1375,0.0249,0.0007,0.0199,0.0071,0.7431,0.5709
California State University-Los Angeles,23,27525,0.4154,0.0011,0.1526,0.0423,0.6256,0.0009,0.0193,0.0286,0.0714,0.5846
University of Arkansas at Little Rock,26,36862,0.3995,0.0028,0.0229,0.2679,0.0731,0.0,0.0889,0.0046,0.5158,0.6005
California State University-Dominguez Hills,25,27239,0.3678,0.0012,0.0961,0.1327,0.5879,0.003,0.0275,0.0381,0.0805,0.6322
University of California-Irvine,20,48494,0.4624,0.0005,0.3731,0.0185,0.2503,0.0039,0.0364,0.0107,0.1493,0.5376
University of California-Los Angeles,21,53804,0.4394,0.0016,0.2937,0.0299,0.2063,0.003,0.0485,0.0191,0.2714,0.5606
Troy University,26,40560,0.3959,0.0073,0.0082,0.3092,0.0357,0.001,0.0268,0.0411,0.5345,0.6041
University of Alaska Anchorage,25,44797,0.428,0.0633,0.0842,0.036,0.0816,0.0089,0.1054,0.0372,0.5656,0.572
Jefferson State Community College,24,34964,0.3842,0.0031,0.0191,0.2187,0.0377,0.0011,0.0285,0.0004,0.6708,0.6158
University of North Alabama,21,50255,0.4161,0.0104,0.0042,0.1416,0.0281,0.0012,0.0256,0.0393,0.7102,0.5839
Grand Canyon University,31,43547,0.2708,0.0092,0.0376,0.1781,0.189,0.0058,0.0329,0.0638,0.4836,0.7292
Arizona Western College,23,24833,0.428,0.0109,0.0071,0.0239,0.7219,0.0036,0.0144,0.0345,0.1551,0.572
Yavapai College,28,23448,0.4268,0.0258,0.0094,0.0106,0.1457,0.0031,0.0147,0.1972,0.5919,0.5732
Arkansas Tech University,23,41231,0.451,0.0084,0.0117,0.0981,0.0581,0.0006,0.0272,0.0,0.7571,0.549
California Polytechnic State University-San Luis Obispo,20,93677,0.5339,0.0015,0.1224,0.0081,0.1569,0.0015,0.0695,0.0476,0.575,0.4661
Fullerton College,23,22936,0.486,0.0027,0.1401,0.0293,0.5313,0.0037,0.0315,0.0273,0.2209,0.514
Cypress College,23,22882,0.4459,0.0018,0.2268,0.0399,0.4604,0.0038,0.0339,0.0298,0.1913,0.5541
El Camino Community College District,23,18290,0.4838,0.0016,0.1279,0.1413,0.514,0.0056,0.0453,0.0049,0.1338,0.5162
Cuesta College,25,27729,0.466,0.0063,0.0301,0.0154,0.2706,0.0018,0.0512,0.0051,0.6153,0.534
El Camino College-Compton Center,23,18290,0.3683,0.0022,0.0426,0.3063,0.5767,0.0054,0.029,0.0048,0.0302,0.6317
Contra Costa College,26,17848,0.3989,0.0028,0.1928,0.2086,0.3925,0.0057,0.0552,0.0117,0.1025,0.6011
Gavilan College,23,22668,0.524,0.0052,0.0473,0.023,0.5711,0.005,0.0205,0.0213,0.3064,0.476
Crafton Hills College,22,22767,0.4669,0.0045,0.057,0.0384,0.456,0.0023,0.0493,0.0025,0.3885,0.5331
Citrus College,23,22802,0.4665,0.0019,0.0872,0.0377,0.6108,0.0013,0.0269,0.0062,0.1854,0.5335
Chabot College,24,21241,0.4649,0.0024,0.2376,0.1176,0.3761,0.0175,0.0639,0.0129,0.167,0.5351
Chaffey College,24,20499,0.4187,0.0022,0.0566,0.0771,0.629,0.0022,0.0305,0.0216,0.1722,0.5813
Coastline Community College,32,21526,0.5945,0.0071,0.215,0.12,0.2819,0.0045,0.041,0.0152,0.3077,0.4055
Arizona State University-Tempe,24,56417,0.5679,0.0124,0.0693,0.0382,0.1891,0.0023,0.0405,0.009,0.523,0.4321
Florida International University,23,33222,0.4451,0.0009,0.0252,0.1234,0.6675,0.0012,0.0244,0.0075,0.0945,0.5549
Palm Beach State College,23,25855,0.4381,0.0017,0.0244,0.2533,0.285,0.0019,0.0228,0.0413,0.3504,0.5619
Miami Dade College,23,21326,0.4235,0.0007,0.0092,0.1528,0.6908,0.0005,0.0038,0.0271,0.0575,0.5765
University of Florida,21,54908,0.4477,0.002,0.0797,0.0636,0.2092,0.0053,0.03,0.0272,0.569,0.5523
Indian River State College,24,26600,0.4057,0.0025,0.0156,0.1713,0.1986,0.0018,0.0211,0.0301,0.5454,0.5943
University of Miami,20,96081,0.4871,0.0012,0.0553,0.077,0.2237,0.0007,0.0302,0.0487,0.4187,0.5129
Purdue University-Calumet Campus,25,51025,0.4271,0.0028,0.0253,0.1287,0.1915,0.0012,0.0222,0.0244,0.5474,0.5729
Indiana University-Purdue University-Indianapolis,22,57585,0.4372,0.0009,0.0371,0.0978,0.062,0.0009,0.0393,0.0075,0.7151,0.5628
Indiana University-Purdue University-Fort Wayne,21,55397,0.4635,0.0023,0.0255,0.0476,0.0517,0.0005,0.0273,0.0045,0.8206,0.5365
Indiana University-Bloomington,20,95400,0.5016,0.0013,0.0436,0.0422,0.0515,0.0005,0.0359,0.0038,0.7119,0.4984
Southern Illinois University-Edwardsville,21,62076,0.4658,0.0025,0.0166,0.1529,0.0411,0.001,0.0314,0.0121,0.7315,0.5342
Indiana State University,21,52769,0.4701,0.0032,0.0112,0.1912,0.0368,0.0006,0.0359,0.0066,0.6554,0.5299
Indiana University-Southeast,23,48518,0.4109,0.0013,0.013,0.0645,0.0375,0.0011,0.0275,0.0057,0.8464,0.5891
William Rainey Harper College,23,33238,0.4548,0.0011,0.1036,0.0438,0.2242,0.0045,0.0272,0.0176,0.5726,0.5452
Waubonsee Community College,24,40960,0.4597,0.0013,0.0267,0.0724,0.3264,0.0004,0.023,0.0198,0.53,0.5403
Northeastern Illinois University,25,29633,0.4444,0.0023,0.094,0.1014,0.3744,0.0033,0.0169,0.0313,0.3346,0.5556
Loyola University Chicago,21,82189,0.351,0.0006,0.1156,0.0444,0.1425,0.0028,0.0498,0.0139,0.5814,0.649
Rock Valley College,24,30629,0.4398,0.0035,0.0249,0.087,0.1702,0.0015,0.0187,0.0171,0.6736,0.5602
Fort Hays State University,26,51054,0.3882,0.0042,0.0096,0.0362,0.0688,0.0015,0.0203,0.0077,0.5668,0.6118
Orange Coast College,23,20839,0.5185,0.0021,0.2039,0.0161,0.3332,0.0024,0.0435,0.0109,0.3357,0.4815
Humboldt State University,22,41478,0.4422,0.0105,0.0344,0.034,0.3281,0.0018,0.0642,0.0658,0.4491,0.5578
Shasta College,25,18572,0.4197,0.0285,0.0323,0.0167,0.1506,0.004,0.0499,0.0318,0.6843,0.5803
College of the Sequoias,23,20437,0.4352,0.0048,0.0382,0.0313,0.6357,0.0011,0.0307,0.01,0.2452,0.5648
University of San Diego,20,93138,0.4554,0.0047,0.0731,0.0335,0.1924,0.0032,0.0576,0.0303,0.5332,0.5446
San Diego Mesa College,23,21833,0.4778,0.003,0.1497,0.0643,0.3476,0.0063,0.0627,0.0168,0.3313,0.5222
Reedley College,22,23593,0.4108,0.0052,0.0482,0.023,0.7002,0.0013,0.0188,0.0066,0.1964,0.5892
Colorado Mesa University,22,58664,0.4682,0.0082,0.0153,0.026,0.1716,0.0052,0.0408,0.025,0.7006,0.5318
University of Colorado Colorado Springs,23,59770,0.4842,0.0042,0.0306,0.0367,0.1645,0.0024,0.0736,0.0128,0.6652,0.5158
University of Denver,20,102003,0.4632,0.0033,0.0439,0.0241,0.0993,0.0012,0.0359,0.0271,0.6747,0.5368
University of Colorado Denver/Anschutz Medical Campus,24,51083,0.4613,0.0031,0.0998,0.0497,0.1889,0.0012,0.0467,0.0247,0.5063,0.5387
Sierra College,25,21608,0.4569,0.0057,0.0493,0.0273,0.2686,0.004,0.0522,0.0064,0.5772,0.5431
Ventura College,23,25084,0.4528,0.0037,0.047,0.0223,0.5852,0.0016,0.0374,0.0061,0.2941,0.5472
West Los Angeles College,25,17315,0.4132,0.0027,0.0551,0.2848,0.4242,0.0025,0.0359,0.0323,0.1278,0.5868
Berkeley City College,25,16984,0.4412,0.0026,0.1581,0.1532,0.2499,0.0037,0.0667,0.0503,0.2519,0.5588
National University,31,39892,0.4327,0.006,0.1015,0.1088,0.2643,0.0184,0.0492,0.0591,0.3822,0.5673
Los Angeles Harbor College,24,20437,0.4101,0.0027,0.1044,0.1084,0.5685,0.0088,0.0361,0.0164,0.136,0.5899
Monterey Peninsula College,24,24233,0.4574,0.0046,0.08,0.0388,0.3682,0.0089,0.0472,0.0477,0.4001,0.5426
Mission College,27,19211,0.4562,0.0026,0.4372,0.0364,0.2678,0.0045,0.0406,0.0109,0.1729,0.5438
Napa Valley College,24,23954,0.4363,0.0021,0.1489,0.0554,0.3909,0.003,0.0568,0.0193,0.3188,0.5637
Red Rocks Community College,27,34957,0.4954,0.0109,0.0262,0.0195,0.1527,0.0021,0.0384,0.0365,0.6967,0.5046
Skyline College,24,22291,0.4678,0.0015,0.3839,0.0298,0.2908,0.0116,0.0549,0.0132,0.1914,0.5322
Los Angeles Mission College,25,20070,0.3931,0.0012,0.0489,0.0293,0.7693,0.0007,0.0104,0.0175,0.1147,0.6069
Los Angeles Southwest College,27,13391,0.3087,0.0024,0.0192,0.5713,0.3371,0.0031,0.0259,0.0224,0.0145,0.6913
Imperial Valley College,23,20408,0.4347,0.0003,0.0037,0.0073,0.9092,0.0,0.004,0.0461,0.0288,0.5653
Ohlone College,23,21043,0.4833,0.0023,0.3574,0.0437,0.2357,0.0076,0.0511,0.0557,0.2065,0.5167
Southern Connecticut State University,21,63804,0.3895,0.0041,0.0323,0.1774,0.1029,0.0,0.0216,0.097,0.5598,0.6105
Tallahassee Community College,22,33389,0.4789,0.0019,0.0114,0.3145,0.1183,0.0016,0.0367,0.0171,0.4858,0.5211
Saint Leo University,31,31769,0.4028,0.0029,0.0145,0.3775,0.1175,0.0022,0.0151,0.0731,0.3698,0.5972
Georgia Southern University,20,65970,0.5008,0.0045,0.016,0.2633,0.0482,0.0012,0.0188,0.0102,0.6236,0.4992
University of Georgia,20,81422,0.4307,0.0009,0.0954,0.0749,0.0545,0.0011,0.0371,0.0083,0.7115,0.5693
Georgia Highlands College,22,41368,0.3778,0.0016,0.0126,0.1759,0.1064,0.0009,0.0284,0.0035,0.6595,0.6222
Georgia Institute of Technology-Main Campus,20,89378,0.6466,0.0006,0.1917,0.0667,0.066,0.0006,0.0365,0.0236,0.5082,0.3534
West Georgia Technical College,26,28599,0.3433,0.0039,0.0107,0.304,0.039,0.0016,0.0181,0.0097,0.6086,0.6567
Clayton  State University,26,31764,0.3091,0.0019,0.0488,0.6635,0.0348,0.001,0.0279,0.035,0.1755,0.6909
Darton State College,25,32858,0.2619,0.0027,0.011,0.4505,0.0292,0.0012,0.0134,0.0031,0.4741,0.7381
University of Hawaii at Manoa,22,56340,0.4547,0.0017,0.3986,0.0138,0.1026,0.0303,0.2504,0.0017,0.1745,0.5453
University of Delaware,19,122411,0.4252,0.0009,0.0491,0.0564,0.0751,0.0009,0.0294,0.0077,0.7436,0.5748
George Washington University,21,105773,0.436,0.0009,0.1018,0.0594,0.0846,0.0013,0.0368,0.0521,0.5627,0.564
Wilmington University,28,43033,0.3587,0.0137,0.0202,0.2502,0.0352,0.0039,0.0015,0.1216,0.5271,0.6413
Eastern Illinois University,21,57072,0.4069,0.0023,0.0101,0.191,0.0614,0.0006,0.0236,0.0174,0.6804,0.5931
University of Chicago,20,103014,0.5246,0.0024,0.1741,0.0504,0.0849,0.0009,0.0348,0.0992,0.4451,0.4754
University of Illinois at Chicago,21,47070,0.4982,0.0009,0.2241,0.0818,0.2843,0.002,0.0268,0.0153,0.3403,0.5018
Eastern Kentucky University,22,49233,0.4316,0.0027,0.0083,0.0597,0.0248,0.0009,0.024,0.0139,0.8499,0.5684
University of Kentucky,20,79063,0.467,0.0018,0.0249,0.0757,0.0421,0.0011,0.0342,0.0278,0.7622,0.533
University of Louisville,21,64728,0.5,0.0006,0.0349,0.1097,0.0404,0.0005,0.0431,0.0011,0.7595,0.5
University of Kansas,21,79609,0.4979,0.0038,0.0444,0.0416,0.0721,0.0004,0.0496,0.0085,0.7239,0.5021
Pittsburg State University,21,60604,0.53,0.0146,0.0091,0.0418,0.0523,0.0014,0.0581,0.0023,0.7867,0.47
University of Massachusetts-Amherst,21,90643,0.5109,0.0012,0.0906,0.0378,0.0531,0.0004,0.0268,0.0802,0.6702,0.4891
University of Massachusetts-Lowell,22,72110,0.6205,0.0021,0.0902,0.0597,0.0975,0.0005,0.0273,0.0509,0.6351,0.3795
Massasoit Community College,24,36853,0.4439,0.0033,0.0146,0.2832,0.0807,0.0014,0.0332,0.0297,0.5485,0.5561
North Shore Community College,24,34115,0.3989,0.0021,0.0458,0.0944,0.2514,0.0005,0.0263,0.0111,0.5669,0.6011
Springfield Technical Community College,25,28436,0.4236,0.0055,0.0346,0.1614,0.2874,0.0005,0.0184,0.0044,0.4797,0.5764
University of Massachusetts-Dartmouth,21,63409,0.5186,0.0024,0.038,0.1399,0.0845,0.0003,0.0347,0.0485,0.6384,0.4814
Salem State University,22,61170,0.3916,0.0021,0.0322,0.0874,0.1231,0.0004,0.0258,0.0164,0.6813,0.6084
Berklee College of Music,23,79186,0.6725,0.0014,0.0389,0.0509,0.0835,0.0016,0.0385,0.0925,0.3597,0.3275
Bristol Community College,24,35533,0.3791,0.0019,0.0188,0.0826,0.0851,0.0002,0.0522,0.0244,0.7335,0.6209
Baker College,26,31294,0.3274,0.0048,0.0118,0.1319,0.0355,0.0029,0.0305,0.0239,0.7586,0.6726
Mott Community College,24,30046,0.4144,0.0062,0.0058,0.1882,0.042,0.0009,0.04,0.038,0.6754,0.5856
University of Maryland-College Park,20,89943,0.5404,0.0013,0.1636,0.127,0.0943,0.0007,0.0409,0.0135,0.5216,0.4596
Western Kentucky University,22,54374,0.4367,0.0022,0.0113,0.0979,0.0308,0.001,0.0257,0.0077,0.7629,0.5633
Harford Community College,24,37362,0.4194,0.0038,0.0197,0.1569,0.0483,0.0025,0.0317,0.0078,0.7193,0.5806
Johns Hopkins University,22,89128,0.493,0.0015,0.2221,0.0594,0.1257,0.001,0.0474,0.0258,0.4128,0.507
University of Louisiana at Monroe,21,47736,0.348,0.0045,0.0186,0.254,0.023,0.0005,0.0272,0.0198,0.621,0.652
Southern University and A & M College,21,31891,0.3529,0.0031,0.0029,0.9317,0.005,0.0002,0.018,0.0092,0.0235,0.6471
Bossier Parish Community College,25,25430,0.3671,0.0106,0.0064,0.3989,0.0558,0.0029,0.0224,0.0439,0.4572,0.6329
McNeese State University,21,49065,0.4062,0.0051,0.0155,0.1822,0.0272,0.0012,0.0252,0.0005,0.6744,0.5938
Louisiana Tech University,20,61850,0.5688,0.0033,0.0105,0.1393,0.0392,0.0008,0.0256,0.0692,0.6844,0.4312
Salisbury University,21,83764,0.4302,0.0053,0.029,0.1314,0.0414,0.0014,0.0361,0.0324,0.7086,0.5698
Morehead State University,22,46950,0.4045,0.0014,0.0038,0.0377,0.0148,0.0007,0.0186,0.0097,0.8949,0.5955
Northern Kentucky University,22,59035,0.4519,0.0034,0.0107,0.0732,0.0302,0.0006,0.0243,0.0071,0.8228,0.5481
Somerset Community College,25,23402,0.3598,0.0029,0.0025,0.0122,0.0151,0.001,0.0155,0.0083,0.9409,0.6402
Eastern Michigan University,22,51077,0.4113,0.0027,0.0243,0.1971,0.0467,0.0007,0.0392,0.0174,0.6501,0.5887
Henry Ford College,24,22531,0.4527,0.0055,0.0209,0.2195,0.0246,0.0011,0.0221,0.1731,0.5164,0.5473
Kalamazoo Valley Community College,24,33432,0.485,0.0087,0.0139,0.1436,0.041,0.0001,0.0259,0.0279,0.7315,0.515
University of Michigan-Flint,25,43392,0.3989,0.0075,0.0163,0.1391,0.0395,0.001,0.0312,0.0387,0.666,0.6011
University of Michigan-Dearborn,23,41873,0.5185,0.0045,0.0687,0.0942,0.0571,0.0012,0.0305,0.0339,0.692,0.4815
Wayne State University,23,41978,0.4457,0.003,0.0824,0.1917,0.0469,0.0013,0.0334,0.0484,0.5691,0.5543
Western Michigan University,21,65259,0.5066,0.0039,0.0169,0.1238,0.0539,0.0011,0.0323,0.0093,0.7236,0.4934
Saginaw Valley State University,21,59166,0.4315,0.0028,0.0064,0.0893,0.0394,0.0005,0.0185,0.0587,0.7076,0.5685
Anoka-Ramsey Community College,24,48474,0.3945,0.0055,0.0419,0.0824,0.0509,0.0014,0.0412,0.0076,0.7663,0.6055
Saint Cloud State University,21,63454,0.493,0.0034,0.0626,0.069,0.0299,0.0006,0.0326,0.0087,0.7271,0.507
Mississippi State University,21,58110,0.5075,0.0055,0.0119,0.202,0.0246,0.0007,0.0152,0.0053,0.7211,0.4925
North Hennepin Community College,25,37796,0.4225,0.0056,0.1459,0.2477,0.0652,0.0018,0.0549,0.0211,0.4472,0.5775
Jackson State University,23,26906,0.367,0.0036,0.0034,0.915,0.0044,0.0,0.0126,0.0,0.0409,0.633
Holmes Community College,24,20640,0.3433,0.0017,0.0085,0.5054,0.0115,0.0002,0.0076,0.0148,0.4501,0.6567
Winona State University,21,77477,0.3836,0.0018,0.0216,0.0235,0.0272,0.0009,0.0232,0.0078,0.8674,0.6164
Saint Paul College,26,26325,0.4607,0.0072,0.1914,0.3153,0.0835,0.0015,0.0526,0.0074,0.3389,0.5393
College of Staten Island CUNY,21,34123,0.4423,0.0018,0.1154,0.1448,0.226,0.0021,0.0128,0.0,0.4695,0.5577
CUNY Hunter College,22,31078,0.3523,0.0016,0.2603,0.0958,0.2889,0.0054,0.0189,0.0,0.2665,0.6477
CUNY John Jay College of Criminal Justice,22,27517,0.4337,0.0028,0.1135,0.1701,0.4848,0.0036,0.016,0.0,0.1792,0.5663
CUNY Kingsborough Community College,23,22644,0.455,0.0028,0.1228,0.317,0.217,0.0014,0.0129,0.0,0.2889,0.545
CUNY Brooklyn College,23,25909,0.4161,0.0024,0.1832,0.2164,0.2175,0.0017,0.0166,0.0,0.3268,0.5839
CUNY City College,23,26953,0.4988,0.0012,0.2505,0.1642,0.3511,0.0032,0.0188,0.0,0.1497,0.5012
CUNY Bronx Community College,23,18419,0.4275,0.0018,0.0288,0.272,0.6391,0.0031,0.0079,0.0,0.0222,0.5725
Onondaga Community College,22,35854,0.4898,0.0157,0.0333,0.1759,0.0669,0.0006,0.0443,0.0298,0.626,0.5102
Monroe Community College,23,33974,0.4645,0.0043,0.0409,0.2056,0.0917,0.0015,0.0374,0.0012,0.6084,0.5355
Rochester Institute of Technology,20,84067,0.6762,0.0018,0.0756,0.0495,0.0711,0.0002,0.0312,0.0542,0.658,0.3238
Rutgers University-New Brunswick,21,64200,0.4966,0.0006,0.2574,0.0749,0.1294,0.0025,0.0331,0.0166,0.4157,0.5034
New Mexico State University-Main Campus,23,31990,0.4719,0.0221,0.0117,0.0297,0.5451,0.002,0.0181,0.0263,0.296,0.5281
Raritan Valley Community College,23,42706,0.5114,0.0023,0.0534,0.1009,0.1939,0.0042,0.0217,0.0675,0.5333,0.4886
CUNY New York City College of Technology,22,23970,0.5665,0.0039,0.2037,0.2888,0.3228,0.0046,0.0104,0.0,0.1153,0.4335
CUNY Queensborough Community College,22,24050,0.4664,0.0093,0.2306,0.2237,0.3235,0.008,0.011,0.0,0.1385,0.5336
CUNY LaGuardia Community College,23,20086,0.4251,0.0034,0.1545,0.1861,0.4587,0.0031,0.0099,0.0,0.1045,0.5749
CUNY Medgar Evers College,24,22581,0.2714,0.0026,0.0216,0.7775,0.1342,0.0022,0.0118,0.0,0.0158,0.7286
Fashion Institute of Technology,21,67639,0.1416,0.0019,0.0953,0.088,0.1671,0.003,0.0357,0.0038,0.4676,0.8584
SUNY College at Oswego,20,69580,0.496,0.0013,0.0275,0.0722,0.1037,0.0011,0.024,0.0016,0.7539,0.504
SUNY College at Plattsburgh,21,68457,0.4393,0.004,0.0252,0.0717,0.1041,0.0013,0.0199,0.0358,0.6802,0.5607
State University of New York at New Paltz,21,68525,0.3767,0.0015,0.0574,0.0571,0.1685,0.0011,0.0222,0.0362,0.6347,0.6233
Marist College,20,120452,0.4118,0.0013,0.0286,0.0376,0.0916,0.0008,0.0204,0.0179,0.7801,0.5882
Ithaca College,19,106273,0.4233,0.001,0.036,0.0572,0.0761,0.0002,0.0311,0.0661,0.7135,0.5767
Thomas Edison State University,33,41026,0.5474,0.0062,0.0372,0.1508,0.0947,0.0046,0.0216,0.1547,0.5179,0.4526
Princeton University,19,63688,0.5165,0.0011,0.215,0.076,0.093,0.0015,0.0384,0.015,0.4454,0.4835
Touro College,26,35471,0.3108,0.002,0.035,0.1623,0.0867,0.0017,0.0037,0.0478,0.6258,0.6892
Appalachian State University,21,71355,0.4616,0.002,0.0187,0.0349,0.0442,0.0011,0.0294,0.0175,0.8471,0.5384
SUNY Westchester Community College,23,30253,0.4793,0.0093,0.0389,0.224,0.3449,0.0037,0.022,0.0409,0.3045,0.5207
Cape Fear Community College,25,28415,0.4709,0.0088,0.01,0.131,0.0673,0.0029,0.0306,0.0154,0.7336,0.5291
SUNY Empire State College,33,33853,0.3814,0.005,0.0182,0.1591,0.1169,0.0021,0.0225,0.0232,0.6014,0.6186
Syracuse University,20,98260,0.4521,0.0068,0.0778,0.0836,0.106,0.0005,0.0287,0.0249,0.5546,0.5479
Kent State University at Kent,22,60722,0.3998,0.0019,0.0137,0.088,0.0318,0.0006,0.0324,0.027,0.7478,0.6002
Miami University-Oxford,20,96057,0.4935,0.0021,0.0212,0.0302,0.0393,0.0001,0.0325,0.0043,0.7745,0.5065
Cuyahoga Community College District,25,25045,0.3954,0.0048,0.0212,0.2989,0.0639,0.0,0.0259,0.0388,0.527,0.6046
Lakeland Community College,26,28341,0.4069,0.0057,0.0117,0.1776,0.0348,0.0023,0.0209,0.0363,0.7091,0.5931
University of North Dakota,21,83229,0.5599,0.0142,0.0157,0.0241,0.0305,0.0011,0.0317,0.0198,0.8254,0.4401
Wake Technical Community College,26,31730,0.4588,0.0049,0.0273,0.2418,0.0892,0.0011,0.0314,0.0264,0.493,0.5412
Western Carolina University,22,58193,0.4586,0.0073,0.0148,0.0634,0.058,0.0012,0.0399,0.0123,0.7936,0.5414
University of North Carolina at Pembroke,23,41969,0.3967,0.1521,0.016,0.3575,0.0554,0.0005,0.0245,0.0205,0.3656,0.6033
University of North Carolina at Charlotte,22,59862,0.5225,0.0033,0.0576,0.1666,0.0875,0.0011,0.0371,0.0262,0.5977,0.4775
Cincinnati State Technical and Community College,26,32623,0.4522,0.0036,0.0157,0.2626,0.0215,0.0013,0.0326,0.0509,0.5883,0.5478
Case Western Reserve University,19,92196,0.5509,0.0006,0.2008,0.047,0.0599,0.0006,0.0445,0.024,0.5164,0.4491
Fayetteville Technical Community College,27,22731,0.4194,0.0249,0.0159,0.415,0.0967,0.0051,0.034,0.0187,0.3871,0.5806
Guilford Technical Community College,26,24304,0.4365,0.0079,0.0435,0.392,0.0752,0.0006,0.0213,0.0244,0.4198,0.5635
Fayetteville State University,27,30182,0.3192,0.0291,0.0122,0.6446,0.0617,0.0029,0.0035,0.0576,0.1866,0.6808
Ohio State University-Main Campus,20,77577,0.5235,0.0012,0.06,0.0551,0.0375,0.0007,0.031,0.0322,0.7105,0.4765
Ohio University-Main Campus,24,68825,0.4062,0.0014,0.0087,0.0497,0.0274,0.0009,0.0342,0.0126,0.8303,0.5938
University of Toledo,21,59656,0.5255,0.0023,0.0231,0.1197,0.0451,0.0007,0.0278,0.0276,0.6909,0.4745
Youngstown State University,22,49040,0.4811,0.0022,0.0116,0.113,0.0381,0.0006,0.0281,0.0355,0.7568,0.5189
Stark State College,26,29480,0.4036,0.0032,0.016,0.1445,0.0143,0.0011,0.0288,0.0676,0.7245,0.5964
Oklahoma State University-Main Campus,21,66737,0.5123,0.0484,0.0174,0.0491,0.063,0.0012,0.0882,0.0036,0.6964,0.4877
University of Oregon,21,74778,0.4726,0.0049,0.0559,0.0196,0.101,0.0044,0.0666,0.01,0.5971,0.5274
Central Oregon Community College,26,30683,0.4573,0.0184,0.0115,0.0064,0.0992,0.0034,0.0359,0.1109,0.7144,0.5427
Mt Hood Community College,26,27825,0.5041,0.0088,0.0658,0.0419,0.1122,0.0052,0.0421,0.1556,0.5657,0.4959
Chemeketa Community College,25,29518,0.4421,0.0184,0.0184,0.012,0.2522,0.0085,0.0354,0.1118,0.5416,0.5579
Trident Technical College,26,29511,0.3938,0.0057,0.0176,0.3118,0.0516,0.0028,0.0278,0.0151,0.5676,0.6062
Midlands Technical College,24,33917,0.4059,0.0052,0.0204,0.3646,0.0389,0.0012,0.0325,0.0316,0.5056,0.5941
Greenville Technical College,24,29527,0.4099,0.0037,0.016,0.2331,0.083,0.0007,0.0268,0.0429,0.5908,0.5901
Coastal Carolina University,20,73508,0.4711,0.0031,0.0073,0.1989,0.0423,0.0009,0.0462,0.0046,0.6848,0.5289
Montgomery County Community College,24,43093,0.4412,0.0029,0.0582,0.1472,0.0591,0.003,0.0273,0.0897,0.5939,0.5588
University of Pennsylvania,20,84604,0.4853,0.0009,0.192,0.0721,0.1022,0.0004,0.0424,0.0292,0.4495,0.5147
Community College of Rhode Island,24,31399,0.409,0.0045,0.0322,0.0907,0.1976,0.0005,0.045,0.0425,0.5864,0.591
University of Rhode Island,20,92667,0.4553,0.0022,0.0326,0.0522,0.0932,0.0003,0.0281,0.0704,0.7066,0.5447
Rhode Island College,22,51255,0.3229,0.0046,0.0315,0.0841,0.1632,0.0006,0.018,0.0801,0.6165,0.6771
Villanova University,20,130461,0.4711,0.0004,0.0742,0.0508,0.0777,0.0003,0.0219,0.0135,0.7444,0.5289
Florence-Darlington Technical College,25,21663,0.3437,0.0086,0.007,0.4991,0.0192,0.0002,0.0084,0.0583,0.399,0.6563
Chattanooga State Community College,24,30463,0.4065,0.0032,0.0155,0.1484,0.0413,0.0011,0.0289,0.0043,0.7541,0.5935
University of South Dakota,21,71720,0.3802,0.0171,0.0118,0.0264,0.0338,0.0011,0.0322,0.0048,0.854,0.6198
Minneapolis Community and Technical College,26,26479,0.447,0.0165,0.0574,0.322,0.112,0.0009,0.0751,0.0107,0.3876,0.553
Minnesota State University-Mankato,21,74706,0.483,0.0031,0.0386,0.0525,0.0404,0.0006,0.0268,0.0157,0.7625,0.517
Minnesota State University Moorhead,22,68829,0.3974,0.0071,0.0129,0.0295,0.0276,0.0004,0.0262,0.0446,0.7776,0.6026
Hennepin Technical College,28,34505,0.6061,0.0079,0.1035,0.2407,0.0722,0.002,0.0331,0.0156,0.5216,0.3939
University of Central Missouri,22,58384,0.4523,0.0019,0.008,0.1059,0.0388,0.0019,0.0449,0.0128,0.7667,0.5477
Lindenwood University,24,60454,0.4545,0.0033,0.0054,0.1337,0.0392,0.0032,0.0275,0.1013,0.5621,0.5455
Columbia College,30,30266,0.4066,0.0104,0.013,0.2457,0.0836,0.0043,0.0271,0.0458,0.5532,0.5934
Saint Louis Community College,24,24064,0.4041,0.0037,0.0381,0.3295,0.0303,0.0012,0.0352,0.0068,0.5433,0.5959
Southeast Missouri State University,21,54309,0.4454,0.0044,0.0115,0.104,0.0185,0.0002,0.0027,0.0119,0.7748,0.5546
Washington University in St Louis,20,122616,0.4797,0.0007,0.1859,0.0575,0.0653,0.0,0.0425,0.0237,0.5454,0.5203
University of Nebraska at Omaha,22,60067,0.4788,0.0031,0.0347,0.0606,0.1107,0.001,0.0411,0.0247,0.6888,0.5212
The University of Montana,23,53879,0.4557,0.0317,0.0119,0.0085,0.0434,0.003,0.0402,0.0469,0.792,0.5443
Southeast Community College Area,24,40123,0.4822,0.0069,0.0304,0.0631,0.0689,0.002,0.0246,0.0107,0.7934,0.5178
Metropolitan Community College Area,26,29710,0.4517,0.0116,0.0316,0.1431,0.1207,0.0016,0.0238,0.0582,0.5972,0.5483
University of Missouri-Columbia,20,93134,0.4815,0.0017,0.0233,0.0815,0.0359,0.0004,0.0297,0.0048,0.787,0.5185
University of Missouri-St Louis,25,44345,0.4296,0.0047,0.0481,0.1878,0.0263,0.0017,0.0261,0.0475,0.6251,0.5704
University of Missouri-Kansas City,23,54902,0.4335,0.0029,0.0707,0.1469,0.0802,0.001,0.0407,0.0374,0.5764,0.5665
Park University,29,36096,0.5281,0.0067,0.0207,0.1892,0.1468,0.005,0.0314,0.084,0.4871,0.4719
Truckee Meadows Community College,26,24136,0.4423,0.0132,0.0549,0.0257,0.2778,0.0015,0.0358,0.0152,0.5703,0.5577
University of Nevada-Las Vegas,22,45844,0.4403,0.0023,0.1526,0.0756,0.265,0.013,0.0946,0.007,0.352,0.5597
County College of Morris,22,52502,0.5082,0.0039,0.051,0.0497,0.1933,0.0017,0.0167,0.0729,0.5833,0.4918
Delaware County Community College,25,37856,0.43,0.0047,0.0478,0.2943,0.0329,0.0006,0.0159,0.0298,0.5592,0.57
Kutztown University of Pennsylvania,20,73005,0.4558,0.0012,0.0113,0.0845,0.0727,0.0018,0.029,0.0169,0.7737,0.5442
Carnegie Mellon University,19,110918,0.5501,0.001,0.2835,0.0468,0.081,0.0002,0.0426,0.0495,0.3171,0.4499
Duquesne University,20,100986,0.3788,0.0005,0.0219,0.0475,0.0316,0.0008,0.0308,0.0101,0.8141,0.6212
University of Memphis,23,42892,0.4053,0.0023,0.0283,0.3746,0.0431,0.0014,0.0359,0.0032,0.5019,0.5947
Middle Tennessee State University,22,49272,0.4627,0.0027,0.0266,0.2153,0.0448,0.001,0.0305,0.0044,0.6447,0.5373
East Tennessee State University,22,46037,0.4412,0.0024,0.0138,0.068,0.0228,0.0007,0.0276,0.012,0.8215,0.5588
Pellissippi State Community College,23,31725,0.4896,0.0027,0.0151,0.0744,0.0435,0.0022,0.0348,0.0002,0.8113,0.5104
Texas A & M University-Corpus Christi,21,52881,0.4093,0.0025,0.0243,0.0654,0.4795,0.0003,0.0096,0.0104,0.3793,0.5907
Tennessee Technological University,21,52902,0.5608,0.0011,0.0155,0.037,0.0268,0.0004,0.0294,0.0038,0.814,0.4392
Angelo State University,21,53328,0.4511,0.0032,0.0066,0.0802,0.3198,0.0013,0.031,0.0008,0.5138,0.5489
Amarillo College,24,29059,0.3799,0.0134,0.0324,0.0532,0.1711,0.001,0.2206,0.012,0.4963,0.6201
The University of Tennessee-Martin,22,45547,0.4227,0.0013,0.0057,0.1548,0.0234,0.0,0.0219,0.0,0.7655,0.5773
Eastfield College,25,23092,0.4118,0.0029,0.0357,0.2197,0.4785,0.0013,0.0139,0.0295,0.2169,0.5882
El Centro College,27,20442,0.3153,0.0043,0.05,0.2732,0.4228,0.0017,0.0144,0.0316,0.2003,0.6847
Cedar Valley College,27,22412,0.3928,0.0043,0.0235,0.4914,0.2551,0.0012,0.0187,0.0327,0.1724,0.6072
University of the Incarnate Word,25,51370,0.3967,0.003,0.0187,0.0709,0.5894,0.0022,0.0128,0.0578,0.1936,0.6033
Texas A & M International University,21,31290,0.4043,0.0005,0.0046,0.0035,0.9471,0.0008,0.003,0.0025,0.0202,0.5957
Northwest Vista College,23,29201,0.4626,0.0024,0.0241,0.0571,0.6386,0.0021,0.0357,0.0025,0.2327,0.5374
Kennesaw State University,22,57710,0.5127,0.0022,0.0429,0.2033,0.0855,0.0013,0.0434,0.0222,0.5818,0.4873
Moreno Valley College,24,20451,0.4292,0.0032,0.0576,0.1226,0.6052,0.0032,0.0365,0.0055,0.1622,0.5708
Independence University,31,19834,0.2442,0.0147,0.0168,0.2533,0.0996,0.0046,0.0554,0.0037,0.5517,0.7558
Ultimate Medical Academy-Tampa,32,14034,0.0618,0.0096,0.005,0.4433,0.0849,0.0034,0.0205,0.0734,0.3599,0.9382
Arizona State University-Downtown Phoenix,24,56417,0.3412,0.0247,0.0455,0.0627,0.2766,0.0034,0.0383,0.0098,0.5218,0.6588
California State University-Channel Islands,23,40676,0.3507,0.0039,0.0578,0.0235,0.4864,0.0008,0.0502,0.058,0.3176,0.6493
Florida Gulf Coast University,21,60650,0.4474,0.0021,0.0158,0.073,0.1896,0.0014,0.0286,0.0139,0.6582,0.5526
South Plains College,23,35518,0.4608,0.004,0.0129,0.0675,0.4553,0.0008,0.0256,0.0008,0.4246,0.5392
The University of Texas Rio Grande Valley,22,28705,0.4415,0.0004,0.0131,0.0054,0.9101,0.0006,0.0025,0.0121,0.0288,0.5585
San Jacinto Community College,24,26013,0.4432,0.002,0.0486,0.095,0.5291,0.0016,0.0178,0.0183,0.2698,0.5568
Tarleton State University,23,54893,0.3871,0.0065,0.0114,0.0806,0.1782,0.001,0.0284,0.0081,0.6835,0.6129
McLennan Community College,24,29257,0.3314,0.0017,0.0133,0.141,0.2874,0.0009,0.0311,0.0038,0.5203,0.6686
St Philip's College,25,23505,0.4247,0.0025,0.0282,0.1142,0.5894,0.0016,0.0287,0.0015,0.2202,0.5753
Richland College,24,22627,0.4717,0.0035,0.1593,0.1962,0.3177,0.0016,0.0156,0.0548,0.2456,0.5283
North Lake College,25,24563,0.4759,0.0039,0.1387,0.1863,0.3844,0.0021,0.0169,0.0485,0.2149,0.5241
University of Wisconsin Colleges,21,52003,0.4816,0.0063,0.0412,0.0329,0.0674,0.0011,0.025,0.0044,0.817,0.5184
Georgia State University-Perimeter College,24,30347,0.4096,0.0025,0.0914,0.4494,0.0933,0.0014,0.0396,0.0097,0.256,0.5904
Milwaukee Area Technical College,26,27707,0.4373,0.0076,0.049,0.2964,0.1339,0.0003,0.0313,0.06,0.4215,0.5627
Palo Alto College,23,24892,0.3893,0.0021,0.0088,0.0349,0.753,0.001,0.015,0.0016,0.1814,0.6107
Eastern Washington University,23,51216,0.4634,0.0115,0.031,0.0374,0.1353,0.0033,0.0571,0.0214,0.6656,0.5366
Central Washington University,23,55706,0.4895,0.0072,0.0405,0.0366,0.1373,0.0064,0.0664,0.0856,0.5896,0.5105
Green River College,26,31986,0.5049,0.0066,0.0864,0.0449,0.0892,0.008,0.0957,0.0687,0.4943,0.4951
University of Wisconsin-Madison,20,103404,0.491,0.0021,0.0553,0.0208,0.0475,0.0013,0.0295,0.0027,0.762,0.509
University of Wisconsin-Whitewater,21,76431,0.5059,0.0017,0.0167,0.0439,0.0564,0.0005,0.0529,0.0006,0.8196,0.4941
University of Wisconsin-Stout,21,76849,0.5448,0.0026,0.0355,0.0157,0.0248,0.0012,0.0181,0.0019,0.8735,0.4552
Universidad del Este,23,14089,0.4039,0.0,0.0,0.0,1.0,0.0,0.0,0.0,0.0,0.5961
University of Puerto Rico-Rio Piedras,19,22003,0.3814,0.0015,0.0008,0.001,0.8539,0.0,0.0037,0.1304,0.0087,0.6186
Stanford University,19,84186,0.5237,0.0102,0.2047,0.0608,0.1533,0.0031,0.1037,0.003,0.3737,0.4763
Gateway Technical College,27,30066,0.3861,0.0035,0.011,0.1338,0.1656,0.0003,0.035,0.0105,0.6403,0.6139
Universidad Metropolitana,23,14378,0.3591,0.0,0.0,0.0,1.0,0.0,0.0,0.0,0.0,0.6409
Paradise Valley Community College,26,28905,0.4495,0.014,0.0285,0.0382,0.1993,0.0017,0.0173,0.1189,0.5781,0.5505
St Charles Community College,23,38077,0.4361,0.0029,0.0221,0.0568,0.0427,0.0011,0.0346,0.0317,0.7943,0.5639
NorthWest Arkansas Community College,24,35990,0.4312,0.021,0.0279,0.0266,0.1775,0.0041,0.0289,0.0499,0.6414,0.5688
Pennsylvania College of Technology,22,61919,0.6381,0.0017,0.0081,0.0314,0.0336,0.0009,0.0177,0.0185,0.8754,0.3619
Christopher Newport University,19,106437,0.4319,0.0036,0.0266,0.0798,0.0452,0.0006,0.0472,0.0506,0.7423,0.5681
Virginia Polytechnic Institute and State University,19,100847,0.5748,0.0015,0.0934,0.0376,0.0548,0.001,0.0446,0.0321,0.6774,0.4252
Weatherford College,24,33019,0.3784,0.0073,0.008,0.0279,0.1652,0.0015,0.0205,0.0115,0.7479,0.6216
College of William and Mary,19,112631,0.4348,0.0014,0.0807,0.0746,0.0882,0.0,0.0444,0.0636,0.5906,0.5652
Northern Virginia Community College,24,39534,0.495,0.0026,0.1508,0.1782,0.2227,0.0051,0.0402,0.0178,0.3513,0.505
Washington State University,22,61032,0.4826,0.0062,0.0531,0.0344,0.1323,0.0041,0.0768,0.0192,0.6266,0.5174
University of Utah,23,51061,0.5667,0.005,0.0553,0.0137,0.1113,0.0062,0.0421,0.0111,0.7,0.4333
Blinn College,21,50715,0.4981,0.0038,0.0225,0.097,0.1877,0.0009,0.029,0.0131,0.636,0.5019
The University of Texas at Arlington,27,48008,0.397,0.0031,0.1141,0.145,0.2487,0.0025,0.0319,0.021,0.399,0.603
The University of Texas at El Paso,22,31210,0.4623,0.0017,0.0078,0.0255,0.8339,0.001,0.0074,0.0055,0.0656,0.5377
Texas State University,21,59672,0.4299,0.003,0.0223,0.0901,0.3461,0.0016,0.0345,0.0068,0.4906,0.5701
Dixie State University,22,44523,0.4708,0.0114,0.0086,0.0253,0.1092,0.0125,0.0323,0.0129,0.7622,0.5292
ECPI University,28,30643,0.4209,0.0088,0.0265,0.4131,0.0828,0.0038,0.0305,0.0253,0.4091,0.5791
Estrella Mountain Community College,24,31305,0.4147,0.0126,0.0332,0.0855,0.5025,0.0031,0.0238,0.0347,0.3027,0.5853
South Texas College,22,19644,0.4293,0.0004,0.0061,0.0035,0.9458,0.0004,0.0015,0.0138,0.0283,0.5707
